judgment_id,cand,char_start,span_start,span_end,context
ke/judgment/kesc/2017/37,0,794,794,3629,"Musyoka 2 nd Petitioner and Independent Electoral and Boundaries Commission 1 st Respondent Chairperson, Independent Electoral and Boundaries Commission 2 nd Respondent H. E. Uhuru Muigai Kenyatta 3 rd Respondent (Under article 50 as read with article 25 of the Constitution of Kenya, 2010, section 24 and 31 of the Supreme Court Act, 2011, rule 2, 6, 10, 11, 12 and 17 of the Supreme Court (Presidential Petition Rules, 2017) and all enabl"
ke/judgment/kesc/2017/37,1,818,794,3629,"and Independent Electoral and Boundaries Commission 1 st Respondent Chairperson, Independent Electoral and Boundaries Commission 2 nd Respondent H. E. Uhuru Muigai Kenyatta 3 rd Respondent (Under article 50 as read with article 25 of the Constitution of Kenya, 2010, section 24 and 31 of the Supreme Court Act, 2011, rule 2, 6, 10, 11, 12 and 17 of the Supreme Court (Presidential Petition Rules, 2017) and all enabling provisions of law.) "
ke/judgment/kesc/2017/37,2,865,794,3629,"sion 1 st Respondent Chairperson, Independent Electoral and Boundaries Commission 2 nd Respondent H. E. Uhuru Muigai Kenyatta 3 rd Respondent (Under article 50 as read with article 25 of the Constitution of Kenya, 2010, section 24 and 31 of the Supreme Court Act, 2011, rule 2, 6, 10, 11, 12 and 17 of the Supreme Court (Presidential Petition Rules, 2017) and all enabling provisions of law.) Supreme Court dismisses an application seeking "
ke/judgment/kesc/2017/37,3,3105,794,3629," character of the petition was a question to be determined by the court while considering the interlocutory application. Application dismissed. Citations Cases None referred to Statutes Kenya Constitution of Kenya, 2010 articles 25, 50 - (Interpreted) Supreme Court (Presidential Election Petition) Rules, 2017 (Act No 7 of 2011 Sub Leg) rule 10 - (Interpreted) Supreme Court (Presidential Election Petition) Rules, 2017 (Act No 7 of 2011 S"
ke/judgment/kesc/2017/37,4,3419,794,3629,"t No 7 of 2011 Sub Leg) rule 10 - (Interpreted) Supreme Court (Presidential Election Petition) Rules, 2017 (Act No 7 of 2011 Sub Leg) rules 2, 6, 10, 11, 12, 17 - (Interpreted) Supreme Court Act, 2011 (Act No 7 of 2011) sections 24, 31 - (Interpreted) Advocates Mr Amollo Otiende for the petitioners Ruling 1. This is an application by way of notice of motion dated August 26, 2017 by the 1 st respondent seeking orders to expunge from the "
ke/judgment/kesc/2022/39,0,13391,13391,44879,e National Assembly. The legislative remit of the National Assembly fell under the National Government in the vertical division of powers between the National Government and the county governments. That was evident from article 95 of the Constitution which provided for the roles of the National Assembly. The Constitution under article 95 did not grant the National Assembly the power to implement projects as a service delivery unit at th
ke/judgment/kesc/2022/39,1,13500,13391,44879, vertical division of powers between the National Government and the county governments. That was evident from article 95 of the Constitution which provided for the roles of the National Assembly. The Constitution under article 95 did not grant the National Assembly the power to implement projects as a service delivery unit at the county level. Members of the National Assembly were granted the mandate to legislate and oversight the nati
ke/judgment/kesc/2022/39,2,13754,13391,44879,"nal Assembly the power to implement projects as a service delivery unit at the county level. Members of the National Assembly were granted the mandate to legislate and oversight the national revenue and its expenditure. Article 1(4) of the Constitution stipulated that the sovereign power of the people was exercised at the national level and the county level. In addition, the Constitution established the county executive committee as the"
ke/judgment/kesc/2022/39,3,14021,13391,44879,"t the sovereign power of the people was exercised at the national level and the county level. In addition, the Constitution established the county executive committee as the executive authority in the county government. Article 179(1) of the Constitution stated that the executive authority of the county was vested and exercised by, a county executive committee. It meant that the service delivery mandate, which in its essence was an exec"
ke/judgment/kesc/2022/39,4,14755,13391,44879,"tional Assembly was allowed to play a role related to functions vested in devolved units, then that would compromise the vertical division of powers between the National and County governments. The determinate phrase of section 22(1) of the CDF Act 2013 which listed the projects for which the Fund was to be deployed, was ""community based"". Community-based was not defined anywhere in the statute. A look at the fourth schedule to the Cons"
ke/judgment/kesc/2022/39,5,15010,13391,44879,"hich listed the projects for which the Fund was to be deployed, was ""community based"". Community-based was not defined anywhere in the statute. A look at the fourth schedule to the Constitution (pursuant to the terms of article 186(1) of the Constitution) that distributed functions between the National Government and the county governments, showed that it was the county governments that were allocated most of the functions and powers th"
ke/judgment/kesc/2022/39,6,16318,13391,44879,"ational units, while matters of national importance concerning Kenya as a whole and overarching policy formulation were assigned to the National Government. The implementation of community-based projects envisaged under section 22 of the CDF Act, 2013, and the infrastructural development projects envisaged under section 3 of the CDF Act, 2013, would inevitably cover and target the functions assigned to county governments. The CDF did no"
ke/judgment/kesc/2022/39,7,16412,13391,44879,"g policy formulation were assigned to the National Government. The implementation of community-based projects envisaged under section 22 of the CDF Act, 2013, and the infrastructural development projects envisaged under section 3 of the CDF Act, 2013, would inevitably cover and target the functions assigned to county governments. The CDF did not amount to an inter- governmental transfer of functions. The Constitution paid keen attention"
ke/judgment/kesc/2022/39,8,16833,13391,44879,paid keen attention to ensure that the National Government did not usurp the mandate of county governments by specifying a clear process for the transfer of functions from a county government to the National Government. Article 187(1) of the Constitution stipulated that a function or power of government at one level could be transferred to a government at the other level by agreement between the governments. The instant dispute subject 
ke/judgment/kesc/2022/39,9,17150,13391,44879," could be transferred to a government at the other level by agreement between the governments. The instant dispute subject did not involve the transfer of functions by agreement between governments as contemplated under article 187(1) of the Constitution. Instead, it was a dispute about alleged constitutionally forbidden encroachment by an agency of the National Government onto the terrain of the county governments. Under article 1(4) o"
ke/judgment/kesc/2022/39,10,17356,13391,44879,"mplated under article 187(1) of the Constitution. Instead, it was a dispute about alleged constitutionally forbidden encroachment by an agency of the National Government onto the terrain of the county governments. Under article 1(4) of the Constitution, the sovereign power of the people was exercised at the national level and the county level. The functions of service delivery, which were the character and nature of community-based proj"
ke/judgment/kesc/2022/39,11,17776,13391,44879,"community-based projects targeted by the CDF Act, 2013, were by nature executive functions. Accordingly, by nature, they would be discharged by the executive structures of the appropriate level of Government in terms of article 1(3)(b) of the Constitution which vested executive functions in the National Executive and the executive structures in the county governments. The constituency as conceptualized in the Constitution was tied to po"
ke/judgment/kesc/2022/39,12,19733,13391,44879,"re of the distribution of functions between the two levels of government. The CDF Act, 2013, violated the division of functions between the national and county levels of Government. A key concern behind the enactment of article 202(1) of the Constitution which stipulated that revenue raised nationally should be shared equitably among the two levels of government, was to ensure the optimal funding and working of the devolved system of go"
ke/judgment/kesc/2022/39,13,19988,13391,44879,"which stipulated that revenue raised nationally should be shared equitably among the two levels of government, was to ensure the optimal funding and working of the devolved system of government. What was contemplated by articles 202(1) and 218(1)(a) of Constitution was that revenue raised nationally was all the revenue accruing from all the revenue-raising powers of the National Government. Revenue raised nationally was synonymous with "
ke/judgment/kesc/2022/39,14,20538,13391,44879," revenue was not yet available to the National Government to allocate to its agencies. Only after the National Government had received its portion of the equitable share under the Division of Revenue Act as envisaged in article 218(1)(a), would be in a position to allocate funds to agencies and instrumentalities falling under its mandate. The National Government and county governments were the only entities entitled to participate in th"
ke/judgment/kesc/2022/39,15,21030,13391,44879,". To allow an agency of the National Government or a third structure whose location within the constitutional system was unclear to participate in the sharing of the revenue raised nationally was a violation of not only article 202(1) but also article 218(1)(a) of the Constitution. Section 4 of the CDF Act, 2013, violated the provisions of the Constitution as it sought to disrupt the revenue sharing formula by directly allocating 2.5% o"
ke/judgment/kesc/2022/39,16,21054,13391,44879,"the National Government or a third structure whose location within the constitutional system was unclear to participate in the sharing of the revenue raised nationally was a violation of not only article 202(1) but also article 218(1)(a) of the Constitution. Section 4 of the CDF Act, 2013, violated the provisions of the Constitution as it sought to disrupt the revenue sharing formula by directly allocating 2.5% of all the national reven"
ke/judgment/kesc/2022/39,17,21093,13391,44879,"cture whose location within the constitutional system was unclear to participate in the sharing of the revenue raised nationally was a violation of not only article 202(1) but also article 218(1)(a) of the Constitution. Section 4 of the CDF Act, 2013, violated the provisions of the Constitution as it sought to disrupt the revenue sharing formula by directly allocating 2.5% of all the national revenue while the Constitution required that"
ke/judgment/kesc/2022/39,18,21677,13391,44879,"nal revenue, the money should be granted from the National Government revenue as a grant but not directly from the national revenue. The CDF Act, 2013, violated the principles of the division of revenue as stipulated in article 202(1) of the Constitution. Article 201 of the Constitution expressed the idea of responsible governance. It envisaged that the two levels of Government would manage fiscal resources prudently by putting in syste"
ke/judgment/kesc/2022/39,19,21713,13391,44879,"nted from the National Government revenue as a grant but not directly from the national revenue. The CDF Act, 2013, violated the principles of the division of revenue as stipulated in article 202(1) of the Constitution. Article 201 of the Constitution expressed the idea of responsible governance. It envisaged that the two levels of Government would manage fiscal resources prudently by putting in systems that ensured that the implementat"
ke/judgment/kesc/2022/39,20,23884,13391,44879,"al level without compromising on key constitutional principles like those of public finance. Even though the CDF (Amendment) Act, 2013 provided that the monies under the Act should be considered as funds allocated under article 206(2)(c) of the Constitution, under section 10 of the CDF Act, 2013, the Cabinet Secretary responsible for matters relating to the CDF in allocating the fund for each financial year had to seek concurrence of th"
ke/judgment/kesc/2022/39,21,23929,13391,44879,"tional principles like those of public finance. Even though the CDF (Amendment) Act, 2013 provided that the monies under the Act should be considered as funds allocated under article 206(2)(c) of the Constitution, under section 10 of the CDF Act, 2013, the Cabinet Secretary responsible for matters relating to the CDF in allocating the fund for each financial year had to seek concurrence of the relevant parliamentary committee. That viol"
ke/judgment/kesc/2022/39,22,24609,13391,44879,"he same projects. The CDF as structured under the CDF Act, 2013, violated the constitutional principles on public finance, particularly the principle of prudent and responsible management of public funds as enshrined in article 201(d) of the Constitution. The doctrine of separation of powers was a fundamental principle of law that required the three arms of Government to remain separate, and that one arm of Government should not usurp f"
ke/judgment/kesc/2022/39,23,24864,13391,44879," The doctrine of separation of powers was a fundamental principle of law that required the three arms of Government to remain separate, and that one arm of Government should not usurp functions belonging to another arm. Article 1(3) of the Constitution delegated power vertically and horizontally to State organs namely, Parliament and the legislative assemblies in the county governments, National Executive and the executive structures in"
ke/judgment/kesc/2022/39,24,26669,13391,44879,ot be treated or viewed as an end in itself but aimed at the fulfillment of the form of governance and vision of the state that Kenyans aspired to as represented in the national values and principles of governance under article 10 of Constitution. Kenya had a value-based Constitution. The organizational framework of governance served the purpose of furthering the goal of realization of the national values and principles articulated in t
ke/judgment/kesc/2022/39,25,27915,13391,44879,"ctional point of view. Whether the exercise of the subject assigned mandate, functions, or powers will harm or threaten the realization of the national values and principles articulated in the Constitution. The impugned section 22(3)(c) of the CDF Act, 2013, envisaged that the Member of the National Assembly was to appoint eight (8) of the ten (10) members of the constituency development fund committee. That was in addition to section 2"
ke/judgment/kesc/2022/39,26,28126,13391,44879,"impugned section 22(3)(c) of the CDF Act, 2013, envisaged that the Member of the National Assembly was to appoint eight (8) of the ten (10) members of the constituency development fund committee. That was in addition to section 24(3)(f) of the CDF Act, 2013, which made the Member of the National Assembly an ex-officio member of the committee. The Black’s Law Dictionary defined an ex-officio member as a member appointed by virtue or beca"
ke/judgment/kesc/2022/39,27,31688,13391,44879,"Assembly not to undertake the robust oversight mandate envisaged by the Constitutionover the Fund thus inimical to the national values and principles of accountable and good governance. Given the constitutional edict in article 259(1)(a) and (d) that the Constitution should be interpreted in a manner that promoted its purposes, values, and principles, and contributed to good governance. Adopting an interpretation that allowed conflict o"
ke/judgment/kesc/2022/39,28,40467,13391,44879,"98), Constitutionalism and the Separation of Powers Carmel: Liberty Fund 2nd Edn Statutes Kenya Constituencies Development Fund Act (cap 414) In general - (Unconstitutional) Constituencies Development Fund Act (cap 414) sections 3, 4, 10, 22, 24(3)(c), 24(3)(f), 28, 29, 30, 37(1)(a); part VII - (Interpreted) Constituency Development Fund (Amendment) Act, 2013 (Act No 30 of 2013) sections 2, 4 - (Interpreted) Constitution of Kenya articl"
ke/judgment/kesc/2022/39,29,40629,13391,44879,"titutional) Constituencies Development Fund Act (cap 414) sections 3, 4, 10, 22, 24(3)(c), 24(3)(f), 28, 29, 30, 37(1)(a); part VII - (Interpreted) Constituency Development Fund (Amendment) Act, 2013 (Act No 30 of 2013) sections 2, 4 - (Interpreted) Constitution of Kenya articles 1, 2, 6(2); 10(1)(a)(2)(c); 23; 93(3); 94; 94(1)(4); 95; 96(1)(2)(3); 109(3)(4); 110(1)(3); 114(3);163(4)(a); 165(3); 174; 175; 176(1); 179(1); 183(3); 185(1);"
ke/judgment/kesc/2022/39,30,40681,13391,44879," 414) sections 3, 4, 10, 22, 24(3)(c), 24(3)(f), 28, 29, 30, 37(1)(a); part VII - (Interpreted) Constituency Development Fund (Amendment) Act, 2013 (Act No 30 of 2013) sections 2, 4 - (Interpreted) Constitution of Kenya articles 1, 2, 6(2); 10(1)(a)(2)(c); 23; 93(3); 94; 94(1)(4); 95; 96(1)(2)(3); 109(3)(4); 110(1)(3); 114(3);163(4)(a); 165(3); 174; 175; 176(1); 179(1); 183(3); 185(1); 186; 187(1); 189(1)(a)(3)(4); 191; 201 b)(ii)(d); 2"
ke/judgment/kesc/2022/39,31,41045,13391,44879," 179(1); 183(3); 185(1); 186; 187(1); 189(1)(a)(3)(4); 191; 201 b)(ii)(d); 202(1)(2); 203; 204 (3)(b); 205; 206(1)(2); 218(1)(a); 258; 259(1)(a)(d); schedule 6; schedule 4 - (Interpreted) County Government Act (cap 265) section 54 - (Interpreted) Intergovernmental Relations Act (cap 265F) sections 7, 31 - (Interpreted) Interpretation and General Provisions Act (cap 2) section 25 - (Interpreted) National Government Constituency Developme"
ke/judgment/kesc/2022/39,32,41115,13391,44879,"(d); 202(1)(2); 203; 204 (3)(b); 205; 206(1)(2); 218(1)(a); 258; 259(1)(a)(d); schedule 6; schedule 4 - (Interpreted) County Government Act (cap 265) section 54 - (Interpreted) Intergovernmental Relations Act (cap 265F) sections 7, 31 - (Interpreted) Interpretation and General Provisions Act (cap 2) section 25 - (Interpreted) National Government Constituency Development Fund Act (cap 414A) sections 3, 4, 53 - (Interpreted) Public Financ"
ke/judgment/kesc/2022/39,33,41196,13391,44879,"hedule 6; schedule 4 - (Interpreted) County Government Act (cap 265) section 54 - (Interpreted) Intergovernmental Relations Act (cap 265F) sections 7, 31 - (Interpreted) Interpretation and General Provisions Act (cap 2) section 25 - (Interpreted) National Government Constituency Development Fund Act (cap 414A) sections 3, 4, 53 - (Interpreted) Public Finance Management Act (cap 412A) section 187(1) - (Interpreted) Supreme Court Act (cap"
ke/judgment/kesc/2022/39,34,41288,13391,44879,"ed) Intergovernmental Relations Act (cap 265F) sections 7, 31 - (Interpreted) Interpretation and General Provisions Act (cap 2) section 25 - (Interpreted) National Government Constituency Development Fund Act (cap 414A) sections 3, 4, 53 - (Interpreted) Public Finance Management Act (cap 412A) section 187(1) - (Interpreted) Supreme Court Act (cap 9B) section 15(2) - (Interpreted) Supreme Court Rules, 2012 (Repealed) (cap 9B Sub Leg) rul"
ke/judgment/kesc/2022/39,35,41363,13391,44879,"d) Interpretation and General Provisions Act (cap 2) section 25 - (Interpreted) National Government Constituency Development Fund Act (cap 414A) sections 3, 4, 53 - (Interpreted) Public Finance Management Act (cap 412A) section 187(1) - (Interpreted) Supreme Court Act (cap 9B) section 15(2) - (Interpreted) Supreme Court Rules, 2012 (Repealed) (cap 9B Sub Leg) rule 33 - (Interpreted) Advocates None mentioned Judgment A. Introduction 1. T"
ke/judgment/kesc/2022/39,36,41421,13391,44879,"on 25 - (Interpreted) National Government Constituency Development Fund Act (cap 414A) sections 3, 4, 53 - (Interpreted) Public Finance Management Act (cap 412A) section 187(1) - (Interpreted) Supreme Court Act (cap 9B) section 15(2) - (Interpreted) Supreme Court Rules, 2012 (Repealed) (cap 9B Sub Leg) rule 33 - (Interpreted) Advocates None mentioned Judgment A. Introduction 1. The petition of appeal before the court is dated December 2"
ke/judgment/kesc/2022/39,37,41718,13391,44879,"b Leg) rule 33 - (Interpreted) Advocates None mentioned Judgment A. Introduction 1. The petition of appeal before the court is dated December 29, 2017 and lodged on January 2, 2018. It is brought under the provisions of article 163(4)(a) of the Constitution , section 15 (2) of the Supreme Court Act , No 7 of 2011, and rule 33 of the Supreme Court Rules, 2012 (repealed). The appeal challenges the judgment and orders of the Court of Appea"
ke/judgment/kesc/2022/39,38,41758,13391,44879," None mentioned Judgment A. Introduction 1. The petition of appeal before the court is dated December 29, 2017 and lodged on January 2, 2018. It is brought under the provisions of article 163(4)(a) of the Constitution , section 15 (2) of the Supreme Court Act , No 7 of 2011, and rule 33 of the Supreme Court Rules, 2012 (repealed). The appeal challenges the judgment and orders of the Court of Appeal (Githinji, Okwengu & GBM Kariuki JJA) "
ke/judgment/kesc/2022/39,39,44675,13391,44879," provided for under the Constitution; iii. Whether the CDF Act 2013 violated the division of functions between the two levels of government; and iv. Whether the CDF Act 2013 offended the principles of separation of powers. 6. The trial court vide a judgment delivered on February 20, 2015 determined that the CDF Act 2013 was unconstitutional and as a result, granted the following orders; i. A declaration that the CDF Act 2013 was unconst"
ke/judgment/kesc/2025/40,0,1994,1994,17238,"r substitution in the Court of Appeal, warranted striking out the appeal - whether the Supreme Court should exercise its discretion to overlook the omission in the interest of substantive justice – Constitution of Kenya article 159(2)(d). Civil Practice and Procedure – extension of time – extension of time to file appeal to the Supreme Court – delay attributable to the Court of Appeal availing certified proceedings late - whether the ap"
ke/judgment/kesc/2025/40,1,5251,1994,17238,"The substitution of Kelvin Wanjohi Muchira was properly executed during the pendency of the appeal before the Court of Appeal. The omission in the title of the Record of Appeal was a procedural misstep, which, guided by article 159(2)(d) of the Constitution, should not eclipse the Supreme Court's overriding duty to administer substantive justice. The Constitution directed that courts must not allow procedural technicalities to override "
ke/judgment/kesc/2025/40,2,7906,1994,17238,"Petition 4 of 2012; [2014] KESC 31 (KLR) - (Followed) 6. Shah, Geeta Bharat & 4 others v Omar Said Mwatayari & another Civil Appeal 46 of 2008; [2009] KECA 126 (KLR) - (Mentioned) Statutes Kenya 1. Constitution of Kenya article 159 - (Interpreted) 2. Supreme Court Act (cap 9B) sections 3, 3A, 21(2); 23 - (Interpreted) 3. Supreme Court Rules, 2020 (cap 9B Sub Leg) rules 3(5); 12; 15(2); 17(1); 23; 26(2); 31; 33(6); 40 - (Interpreted) Adv"
ke/judgment/kesc/2025/40,3,7964,1994,17238,"hah, Geeta Bharat & 4 others v Omar Said Mwatayari & another Civil Appeal 46 of 2008; [2009] KECA 126 (KLR) - (Mentioned) Statutes Kenya 1. Constitution of Kenya article 159 - (Interpreted) 2. Supreme Court Act (cap 9B) sections 3, 3A, 21(2); 23 - (Interpreted) 3. Supreme Court Rules, 2020 (cap 9B Sub Leg) rules 3(5); 12; 15(2); 17(1); 23; 26(2); 31; 33(6); 40 - (Interpreted) Advocates Ms Natocho h/b for Mr. Magee for the appellant Mr M"
ke/judgment/kesc/2025/40,4,8523,1994,17238,"ately, they are intertwined and to make good use of judicial time, we shall proceed to dispose both of them in this ruling. 2. Upon considering the appellant’s notice of motion dated September 13, 2024 filed pursuant to sections 3A and 21(2) of the Supreme Court Act and rules 3(5), 15(2), 17(1) and 26(2) of the Supreme Court Rules which seeks leave for the appellant to file a supplementary record of appeal to the instant Petition filed "
ke/judgment/kesc/2025/40,5,10287,1994,17238,"suffer any prejudice; and 4. Bearing in mind the respondent did not file any pleadings in opposition to the application; and 5. Taking into account the respondent’s notice of motion dated February 19, 2025 brought under article 159 of the Constitution , sections 3, 3A and 23 of the Supreme Court Act , rules 3, 12, 23 and 31 of the Supreme Court Rules and all other enabling provisions of law seeking the striking out of the petition for b"
ke/judgment/kesc/2025/40,6,10321,1994,17238,"ng in mind the respondent did not file any pleadings in opposition to the application; and 5. Taking into account the respondent’s notice of motion dated February 19, 2025 brought under article 159 of the Constitution , sections 3, 3A and 23 of the Supreme Court Act , rules 3, 12, 23 and 31 of the Supreme Court Rules and all other enabling provisions of law seeking the striking out of the petition for being a nullity as well as being wh"
ke/judgment/kesc/2025/40,7,13282,1994,17238," error carried over to the instant Petition; that the petition is properly before the court, has merit and raises a matter of general public importance that should be heard to its natural conclusion; the appellant cites article 159(2)(d) of the Constitution and this court’s decision in Zachariah Okoth Obado vs. Edward Akong’o Ayugi & 2 Others (Petition 4 of 2014) [2014] KESC 22 ( KLR ) as well as the High Court decision in Fran Investme"
ke/judgment/kesc/2025/40,8,15973,1994,17238," Muchira was properly executed during the pendency of the appeal before the Court of Appeal. We are further minded to find that the omission in the title of the record of appeal is a procedural misstep, which, guided by article 159(2)(d) of the Constitution , should not eclipse the court's overriding duty to administer substantive justice. The Constitution directs that courts must not allow procedural technicalities to override the deli"
ke/judgment/kesc/2025/40,9,17029,1994,17238,"s court’s finding that the oversight, being purely procedural and non-prejudicial, is not sufficient grounds to strike out the appeal. In the interests of justice and guided by the principle of substantive justice under article 159(2)(d), we hereby dismiss the application. h. Concerning the appellant’s application for leave to file a supplementary record of appeal, pursuant to rule 40 of the Supreme Court Rules , 2020, the contents of a"
ke/judgment/kesc/2025/55,0,1768,1768,12862,"ia Advocates) Mr. Brian Odongo & Mr. Cliffton Ouko for the 4 th respondent (Kiptinness & Odhiambo Associates LLP) 1. Upon perusing the Motion by the petitioners dated 21 st March 2025 and filed on 24 th March 2025 under Articles 48, 50(1) of the Constitution , Sections 3, 3A, 21 and 23A of the Supreme Court Act , and Rules 17, 31 and 32 of the Supreme Court Rules, 2020, seeking, stay of execution of the Judgment and Decree by the Retire"
ke/judgment/kesc/2025/55,1,1809,1768,12862,"fton Ouko for the 4 th respondent (Kiptinness & Odhiambo Associates LLP) 1. Upon perusing the Motion by the petitioners dated 21 st March 2025 and filed on 24 th March 2025 under Articles 48, 50(1) of the Constitution , Sections 3, 3A, 21 and 23A of the Supreme Court Act , and Rules 17, 31 and 32 of the Supreme Court Rules, 2020, seeking, stay of execution of the Judgment and Decree by the Retirement Benefits Appeal Tribunal (RBAT) deli"
ke/judgment/kesc/2025/55,2,2658,1768,12862,"in which it is contended that the application meets the threshold for stay, particularly that; the appeal is arguable and raises weighty issues for consideration; the decision by the 1 st respondent was made contrary to Section 49 of the Retirement Benefits Act (the Act), which requires production of evidence by sworn affidavit and interrogatories; unless stay is granted, the appeal will be rendered nugatory as there is an imminent thre"
ke/judgment/kesc/2025/55,3,3694,1768,12862,"ntary submissions dated 24 th April 2025 in opposition of the preliminary objection, to the effect that the appeal upon which the application is anchored raises issues of constitutional interpretation and application of Articles 25, 47, 50, 165 (6) & (7) and 169 (2) of the Constitution and Section 11 of the Fair Administrative Act; the constitutional issues were not only in contest and the subject of determination by the superior courts"
ke/judgment/kesc/2025/55,4,3765,1768,12862,"ry objection, to the effect that the appeal upon which the application is anchored raises issues of constitutional interpretation and application of Articles 25, 47, 50, 165 (6) & (7) and 169 (2) of the Constitution and Section 11 of the Fair Administrative Act; the constitutional issues were not only in contest and the subject of determination by the superior courts below, but also the Court of Appeal took a constitutional trajectory i"
ke/judgment/kesc/2025/55,5,4182,1768,12862,"titutional trajectory in its decision. They rely on this Court’s decision in Rutongot Farm Limited Vs Kenya Forest Services & 3 others (Petition 2 of 2016) [2018] KESC 27 (KLR), to invoke this Court’s jurisdiction under Article 163(4)(a). It is also the petitioners' submission that their judicial review application raised issues of constitutional interpretation and application and therefore, this Court has jurisdiction to conduct a meri"
ke/judgment/kesc/2025/55,6,4797,1768,12862,"nsolidated)) [2023] KESC 40 (KLR) (Dande) in support of their contention; and 4. Upon further considering the petitioners’ assertions that this Court has jurisdiction to grant interlocutory reliefs, including stay under Section 23A of the Supreme Court Act . The petitioners regurgitate their grounds in support and urge that they have met the principles for grant of stay espoused in Munya Vs Dickson Mwenda & 2 others, SC Application No. "
ke/judgment/kesc/2025/55,7,5244,1768,12862,"14; [2014] eKLR; and restated in Kombe Vs Karisa & 3 others (Petition E020 of 2023) [2024] KESC 25 (KLR). To this end, the petitioners emphasize that the 1 st respondent acted outside the scope of its jurisdiction under Section 49 of the Act, rendering the subsequent proceedings and judgment a nullity and a breach of their fundamental rights. Furthermore, that the Court of Appeal and the High Court misapplied the decision in Dande, in h"
ke/judgment/kesc/2025/55,8,6178,1768,12862,"or the grant of stay. Particularly, the grounds relied on in the appeal and regurgitated in the application fail to demonstrate that the appeal is arguable, and fall short of the constitutional threshold envisaged under Article 163(4)(a) of the Constitution . They also argue that the Judicial review application, the subject of the appeal before the Court of Appeal and now this Court, was brought under Order 53 of the Civil Procedure Rul"
ke/judgment/kesc/2025/55,9,8938,1768,12862," appeal from which the instant application emanates; it is the respondents' submission that the judicial review application and the appeal before the Court of Appeal revolved around the interpretation and application of sections 48 and 49 of the Act and not the interpretation or application of the Constitution . They cite inter-alia, Nduttu & 6000 others Vs Kenya Breweries Ltd & another (Petition 3 of 2012) KESC 9(KLR); in support of th"
ke/judgment/kesc/2025/55,10,10177,1768,12862,"pronouncement in Lawrence Nduttu & 6000 others Vs Kenya Breweries Ltd & another; SC Petition No. 3 of 2012; [2012], eKLR, regarding the circumstances pursuant to which an intending appellant may invoke the provisions of Article 163 (4) (a), wherein we stated: “ This Article must be seen to be laying down the principle that not all intended appeals lie from the Court of Appeal to the Supreme Court. Only those appeals arising from cases i"
ke/judgment/kesc/2025/55,11,12652,1768,12862," for setting aside the Judgment by the 1 st respondent and granting the prayers set out in the statement. iii. Consequently, even though it was indicated that the judicial review application was also brought pursuant to Articles 25, 47, 50, 165(6) (7) and 169(2), it neither involved the interpretation or application of these constitutional provisions, nor did the superior courts below interpret or apply the Constitution or take a consti"
ke/judgment/kesc/2017/16,0,3528,3528,23265,"ty of success. The applicant delineated eleven (11) grounds it submits demonstrates the arguable constitutional issues. These grounds include: i. that the Court of Appeal erred and misapplied and misinterpreted the law, Article 165(6) of the Constitution, in finding that the High Court has supervisory jurisdiction over County Assemblies and National Assembly in exercise of their quasi-judicial functions, ignoring that impeachment of a S"
ke/judgment/kesc/2017/16,1,3804,3528,23265,"High Court has supervisory jurisdiction over County Assemblies and National Assembly in exercise of their quasi-judicial functions, ignoring that impeachment of a Speaker is a constitutional procedure. Hence contravened Articles 1(3) and 117 of the Constitution and specifically the doctrine of separation of powers; ii. that the Court of Appeal erred in law by purporting to oust the clear constitutional and statutory powers of the 1 st a"
ke/judgment/kesc/2017/16,2,4075,3528,23265,"fically the doctrine of separation of powers; ii. that the Court of Appeal erred in law by purporting to oust the clear constitutional and statutory powers of the 1 st appellant (County Assembly of Kisumu) as donated by Article 178(2)(b) of the Constitution and section 9(4) of the County Governments Act, which gives the 1 st appellant power to appoint a speaker in the absence of one. iii. that the Court of Appeal erred in failing to und"
ke/judgment/kesc/2017/16,3,4117,3528,23265,"rs; ii. that the Court of Appeal erred in law by purporting to oust the clear constitutional and statutory powers of the 1 st appellant (County Assembly of Kisumu) as donated by Article 178(2)(b) of the Constitution and section 9(4) of the County Governments Act, which gives the 1 st appellant power to appoint a speaker in the absence of one. iii. that the Court of Appeal erred in failing to understand that the relationship between Spea"
ke/judgment/kesc/2017/16,4,4600,3528,23265,"quasi-political and procedural one and not an employment relationship strict sensu, hence that the Court of Appeal erred in finding that the Employment and Labour Relations Court had jurisdiction, thereby misinterpreted Article 162(2)(a) of the Constitution and section 12 of the Industrial Court Act, Cap. 234 of the Laws of Kenya. iv. that the Court of Appeal erred in holding that Articles 28, 41, 47, 50 and 178(3) of the Constitution h"
ke/judgment/kesc/2017/16,5,4642,3528,23265," an employment relationship strict sensu, hence that the Court of Appeal erred in finding that the Employment and Labour Relations Court had jurisdiction, thereby misinterpreted Article 162(2)(a) of the Constitution and section 12 of the Industrial Court Act, Cap. 234 of the Laws of Kenya. iv. that the Court of Appeal erred in holding that Articles 28, 41, 47, 50 and 178(3) of the Constitution had been infringed as against the 2 nd resp"
ke/judgment/kesc/2017/16,6,4764,3528,23265,"elations Court had jurisdiction, thereby misinterpreted Article 162(2)(a) of the Constitution and section 12 of the Industrial Court Act, Cap. 234 of the Laws of Kenya. iv. that the Court of Appeal erred in holding that Articles 28, 41, 47, 50 and 178(3) of the Constitution had been infringed as against the 2 nd respondent (Hon. Gabriel Ochieng) and hence a reason to depart from the doctrine of separation of powers as elucidated under s"
ke/judgment/kesc/2017/16,7,4983,3528,23265," Articles 28, 41, 47, 50 and 178(3) of the Constitution had been infringed as against the 2 nd respondent (Hon. Gabriel Ochieng) and hence a reason to depart from the doctrine of separation of powers as elucidated under sections 12 and 29 of the National Assemblies (Powers and Privileges) Act, Cap. 6 Laws of Kenya. v. that the Court of Appeal erred in holding that the 3 rd respondent (Kisumu County Assembly Service Board), as a State or"
ke/judgment/kesc/2017/16,8,5335,3528,23265,"n holding that the 3 rd respondent (Kisumu County Assembly Service Board), as a State organ, had the locus to enforce its constitutional rights as against individuals and most importantly another State organ pursuant to Articles 22 and 23 of the Constitution. vi. that the Court of Appeal erred in law and in fact by finding that the Assembly was aware of and disregarded a court order barring the impeachment of the 4 th respondent (Ann At"
ke/judgment/kesc/2017/16,9,5646,3528,23265,"ct by finding that the Assembly was aware of and disregarded a court order barring the impeachment of the 4 th respondent (Ann Atieno Adul), devoid of any proof of service. Hence the appellants rights to a fair trial in Articles 25(c) and 50(1) of the Constitution was evidently curtailed. 5. The application is also based on the ground that it is in the best public interest that the appeal herein be heard for the enrichment of jurisprude"
ke/judgment/kesc/2017/16,10,6979,3528,23265,", also indicated that the applicant was not pursuing the prayer on stay of the Court of Appeal judgement but only pursuing the prayer for extension of time. Directions were then issued on service and filing of submissions. 8. The matter underwent several mentions. During the mention of 15 th September, 2016 the issue of entering into a consent on the extension application was mooted with a resolution that parties were to explore that po"
ke/judgment/kesc/2017/16,11,9251,3528,23265,"ng reasons’. It reiterates the principles for extension of time as delimited in the Nicholas Salat case and buttresses submissions captured in the grounds in the notice of motion application as having met these principles. 12. It also submits that this application was filed in this Court on 8 th February 2016; 2 months after the proceedings were availed to the applicant on 4 th December, 2015, the reason being that there was a festive C"
ke/judgment/kesc/2017/16,12,10204,3528,23265," the respondents will suffer no prejudice or injustice if the extension is granted. Further, it is submitted that the intended appeal raises constitutional issues that will enable this Court to meet its objectives under section 3 of the Supreme Court Act, 2012, particularly: “to provide authoritative and impartial interpretation of the Constitution; and develop rich jurisprudence that respects Kenya’s history and traditions and facilita"
ke/judgment/kesc/2017/16,13,19690,3528,23265,"t applicable. This point was underscored in the case of Daniel Kimani Njihia v Francis Mwangi Kimani & Another,[2015] eKLR, thus; (13) We have found still another impropriety. The Notice of Motion has been brought under Sections 3A and 3B of the Appellate Jurisdiction Act (Cap 9, Laws of Kenya), and Rules 39, 42 and 43 of the Court of Appeal Rules, 2010. These are not the right provisions of law under which the applicant should move the"
ke/judgment/kesc/2017/16,14,20202,3528,23265,") This Court’s jurisdiction is exercisable only on the basis of express provisions of the Constitution and the law. The operational rules for this Court (Supreme Court Rules, 2012) are made pursuant to the Constitution, Article 163(8) of which provides: “The Supreme Court shall make rules for the exercise of its jurisdiction”. (15) Consequently, the only applicable sources of law when moving the Supreme Court are the Constitution, the S"
ke/judgment/kesc/2017/16,15,23061,3528,23265,"monstrated some vigilance on the applicant’s side. In a nut shell, we agree with the respondents that the applicant has not satisfactorily explained the inordinate delay of two months upon receipt of the typed proceedings. 33. We have also perused the issues framed, which the applicant intends to raise on appeal before this Court. While we find that indeed the issues as highlighted are germane and novel, this alone cannot be a reason fo"
ke/judgment/kesc/2019/64,0,27070,27070,46065,"etition No 18 & 20 of 2014; 2014 eKLR which laid the principles of appeals under article 163(4)(a) of the Constitution . According to counsel, the petitioner’s case would, to the contrary, only merit consideration under article 163(4)(b) of the Constitution which would require a certification that the matter involves a question of general public importance, a course of action not taken by the petitioner. 23 With regard to the merit of t"
ke/judgment/kesc/2019/64,1,29177,27070,46065," the said notice of preliminary objection, counsel for the 3 rd respondent Mr. Kipkoech, advanced the argument that this court has no jurisdiction to hear the petitioner’s appeal which has purportedly been brought under article 163(4)(a) of the Constitution . According to him, the appeal before the court does not therefore meet the pre-requisite of an appeal as of right under article 163(4)(a) and ought to be dismissed. 27 In addressing"
ke/judgment/kesc/2019/64,2,29336,27070,46065,"petitioner’s appeal which has purportedly been brought under article 163(4)(a) of the Constitution . According to him, the appeal before the court does not therefore meet the pre-requisite of an appeal as of right under article 163(4)(a) and ought to be dismissed. 27 In addressing the issue of fair hearing raised by the petitioner, Counsel submitted that the record would show that the petitioner was accorded a fair hearing both in the H"
ke/judgment/kesc/2019/64,3,30683,27070,46065,"tice of appeal is a jurisdictional pre-requisite and without it, no appeal can properly be said to be existing. 29 On the issue of timelines, counselsubmitted that this Court is bound by the timelines provided for under section 85A of the Elections Act within which an appeal should be heard and that unless the timeline is extended by Parliament, this Court cannot grant any such extension. As such, he urged that the 6 months’ period with"
ke/judgment/kesc/2019/64,4,31419,27070,46065," rd respondent’s preliminary objection with costs. D. Issues for Determination 31 Flowing from the foregoing, the following issues arise for consideration: (a) Whether the appeal meets the jurisdictional threshold under article 163(4)(a) of the Constitution . (b) Whether this court should interfere with the exercise of discretion by the Court of Appeal under rule 5 of the Court of Appeal (Election Petition) Rules, 2017 . (c) What relief"
ke/judgment/kesc/2019/64,5,31750,27070,46065," by the Court of Appeal under rule 5 of the Court of Appeal (Election Petition) Rules, 2017 . (c) What reliefs are available to Parties? (d) Costs. E. Analysis Whether the appeal meets the jurisdictional threshold under article 163(4)(a) of the Constitution? 32 While we have on numerous occasions delimited the extent of our powers under article 163(4)(a) of the Constitution , the question of the scope of this Court’s jurisdiction will c"
ke/judgment/kesc/2019/64,6,31869,27070,46065,"lable to Parties? (d) Costs. E. Analysis Whether the appeal meets the jurisdictional threshold under article 163(4)(a) of the Constitution? 32 While we have on numerous occasions delimited the extent of our powers under article 163(4)(a) of the Constitution , the question of the scope of this Court’s jurisdiction will continue to occupy our judicial minds. At the outset, we must state that even though appeals arising from election petit"
ke/judgment/kesc/2019/64,7,32247,27070,46065,"ust state that even though appeals arising from election petitions are clothed with certain unique features which make them distinguishable from other matters, the principles of how a case merits our consideration under article 163(4)(a) are applied across the board regardless of the specific nature of the appeal. Indeed, article 163(4)(a) of the Constitution does not give any special preference to election petitions appeals but rather "
ke/judgment/kesc/2019/64,8,32351,27070,46065,"res which make them distinguishable from other matters, the principles of how a case merits our consideration under article 163(4)(a) are applied across the board regardless of the specific nature of the appeal. Indeed, article 163(4)(a) of the Constitution does not give any special preference to election petitions appeals but rather the said provision provides that appeals shall lie from the Court of Appeal to the Supreme Court “as of "
ke/judgment/kesc/2019/64,9,32962,27070,46065,"se to be admissible as of right. 33 In the above context, in Evans Odhiambo Kidero & 4 others v Ferdinand Ndungu Waititu & 4 others SC Petition 18 & 20 of 2014; 2014 eKLR , we attempted to inject meaning to the words in article 163(4)(a) of the Constitution and in that regard, we said that interpreting the Constitution involves “revealing or clarifying the legal content, or meaning of constitutional provisions, for purposes of resolving"
ke/judgment/kesc/2019/64,10,33435,27070,46065,"er hand, constitutional application “entails creatively interpreting the constitution to eliminate ambiguities, vagueness and contradictions, in furtherance of good governance.” 34 Further, in clarifying the contours of article 163(4)(a) of the Constitution , we thus pronounced ourselves in the case of Lawrence Nduttu & 6000 Others v Kenya Breweries Ltd & Another SC Petition No 3 of 2012; 2012 eKLR paragraph 28: The appeal must originat"
ke/judgment/kesc/2019/64,11,34249,27070,46065," interpretation. Where the case to be appealed from had nothing or little to do with the interpretation or application of the Constitution, it cannot support a further appeal to the Supreme Court under the provisions of article 163(4)(a).” 35 The position adopted above was further strengthened in the case of Hassan Ali Joho & Another v Suleiman Said Shahbal & 2 Others , SC Petition No 10 of 2013; 2014 eKLR , where we emphasized that par"
ke/judgment/kesc/2019/64,12,34888,27070,46065,"nterpretation or application, and whether the same has been canvassed in the Superior Courts and has progressed through the normal appellate mechanism so as to reach this Court by way of an appeal, as contemplated under article 163(4)(a) of the Constitution.” 36 The principles of how to approach the courtunder article 163(4)(a) were developed further in this court’s decision in Gatirau Peter Munya v Dickson Mwenda Kithinji & 2 Others SC"
ke/judgment/kesc/2019/64,13,34980,27070,46065," and has progressed through the normal appellate mechanism so as to reach this Court by way of an appeal, as contemplated under article 163(4)(a) of the Constitution.” 36 The principles of how to approach the courtunder article 163(4)(a) were developed further in this court’s decision in Gatirau Peter Munya v Dickson Mwenda Kithinji & 2 Others SC Application No 5 of 2014; 2014 eKLR where we pronounced that paragraph 69: The import of th"
ke/judgment/kesc/2019/64,14,36689,27070,46065,"onstitution, and calls for the attribution of requisite meaning, tenor and effect.” 38 Arising from the above cited decisions, we restate that for an appeal to qualify for the exercise of this court’s jurisdiction under article 163(4)(a) of the Constitution , the petitioner, such as in this case, must show how the Appellate Court disposed of the matter by way of interpreting or applying a particular provision of the Constitution. Howeve"
ke/judgment/kesc/2019/64,15,37382,27070,46065,"ning of identified constitutional provisions so as to resolve the dispute at hand. We shall therefore embark on examining the case at hand in order to find out its justiciability in the context of our jurisdiction under article 163(4)(a) of the Constitution . 39 In that regard, the petitioner invites the courtto determine whether his right of access to justice and fair hearing enshrined under articles 48 and 50 of the Constitution , res"
ke/judgment/kesc/2019/64,16,37558,27070,46065,"ty in the context of our jurisdiction under article 163(4)(a) of the Constitution . 39 In that regard, the petitioner invites the courtto determine whether his right of access to justice and fair hearing enshrined under articles 48 and 50 of the Constitution , respectively, were violated by the act of the Court of Appeal striking out his notice of appeal and record of appeal. The petitioner also seeks the court’s interpretation of the e"
ke/judgment/kesc/2019/64,17,37806,27070,46065,"nstitution , respectively, were violated by the act of the Court of Appeal striking out his notice of appeal and record of appeal. The petitioner also seeks the court’s interpretation of the extent of the application of article 159(2)(d) of the Constitution in arriving at decisions made under rule 5 of the Court of Appeal Rules, 2017 . 40 The respondents however strongly contest the jurisdiction of this Court to determine the petitioner"
ke/judgment/kesc/2019/64,18,38052,27070,46065,"onstitution in arriving at decisions made under rule 5 of the Court of Appeal Rules, 2017 . 40 The respondents however strongly contest the jurisdiction of this Court to determine the petitioner’s appeal as framed under article 163(4)(a) of the Constitution . They urge that none of the constitutional provisions whose violation the petitioner is alleging were the subject of interpretation or application by the Court of Appeal. Further, t"
ke/judgment/kesc/2019/64,19,39162,27070,46065," Court of rule 5 of the Court of Appeal Rules, 2017 which reads as follows: The effect of any failure to comply with these Rules shall be a matter for determination at the court’s discretion subject to the provisions of article 159(2)(d) of the Constitution and the need to observe the timelines set by the Constitution or any other electoral law.” 42 The said article 159(2)(d) of the Constitution provides that: Justice shall be administe"
ke/judgment/kesc/2019/64,20,39303,27070,46065,atter for determination at the court’s discretion subject to the provisions of article 159(2)(d) of the Constitution and the need to observe the timelines set by the Constitution or any other electoral law.” 42 The said article 159(2)(d) of the Constitution provides that: Justice shall be administered without undue regard to procedural technicalities.” 43 The petitioner now seeks this Court’s determination of what amounts to due regard 
ke/judgment/kesc/2019/64,21,39880,27070,46065,"value, we are still called upon to examine whether the appellate court’sreasoning involved interpretation or application of provisions of the Constitution in order to gauge the petitioner’s case against the threshold of article 163(4)(a) of the Constitution . 44 We furthermore note that in arriving at its decision, the Court of Appeal took into consideration rule 6 of the Court of Appeal Rules , 2017, which requires a notice of appeal t"
ke/judgment/kesc/2019/64,22,40317,27070,46065,"l to be filed in the Court of Appeal Registry. In interpreting the effect of non-compliance with rule 6, the Court of Appeal was guided by rule 5 which requires it to exercise its discretion subject to the provisions of article 159(2)(d) of the Constitution and the need to observe timelines set by the Constitution or any other electoral law. As can be deduced from the Court of Appeal decision, in interpreting the place of article 159(2)"
ke/judgment/kesc/2019/64,23,40523,27070,46065,"provisions of article 159(2)(d) of the Constitution and the need to observe timelines set by the Constitution or any other electoral law. As can be deduced from the Court of Appeal decision, in interpreting the place of article 159(2)(d) as invoked in rule 5, the Court of Appeal relied on this court’s decision in Raila Odinga & 5 Others v Independent Electoral & Boundaries Commission SC Petition No 5 of 2013; 2013 eKLR (Raila Odinga 201"
ke/judgment/kesc/2019/64,24,40788,27070,46065,"ourt of Appeal relied on this court’s decision in Raila Odinga & 5 Others v Independent Electoral & Boundaries Commission SC Petition No 5 of 2013; 2013 eKLR (Raila Odinga 2013), in which we explained the flexibility of article 159(2)(d) and the need to determine each case on its own merits while taking into account the unique circumstances of a case. The Court of Appeal also relied on the decision of Nicholas Kiptoo Arap Korir Salat v "
ke/judgment/kesc/2019/64,25,41585,27070,46065,"igation to comply with the Rules aforesaid and once he did not, then his appeal was still-born. 45 It is apparent to us in the above context that the issue in controversy in this case is the extent of the application of article 159(2)(d) of the Constitution in determining the effect of non-compliance with the Court of Appeal Rules, 2017 as opposed to violation of articles 25, 38 and 50 as submitted by counsel for the petitioner. article"
ke/judgment/kesc/2019/64,26,41731,27070,46065,"the issue in controversy in this case is the extent of the application of article 159(2)(d) of the Constitution in determining the effect of non-compliance with the Court of Appeal Rules, 2017 as opposed to violation of articles 25, 38 and 50 as submitted by counsel for the petitioner. article 159(2)(d) was indeed the only subject of constitutional interpretation by the Court of Appeal alongside rule 5 which requires the court to be gui"
ke/judgment/kesc/2019/64,27,41798,27070,46065,"ion of article 159(2)(d) of the Constitution in determining the effect of non-compliance with the Court of Appeal Rules, 2017 as opposed to violation of articles 25, 38 and 50 as submitted by counsel for the petitioner. article 159(2)(d) was indeed the only subject of constitutional interpretation by the Court of Appeal alongside rule 5 which requires the court to be guided by article 159(2)(d) in arriving at any decision under Rules. I"
ke/judgment/kesc/2019/64,28,41958,27070,46065,"s 25, 38 and 50 as submitted by counsel for the petitioner. article 159(2)(d) was indeed the only subject of constitutional interpretation by the Court of Appeal alongside rule 5 which requires the court to be guided by article 159(2)(d) in arriving at any decision under Rules. If we are to assume jurisdiction, that is the same issue that would fall for consideration before us. To that extent therefore, and taking into account our decis"
ke/judgment/kesc/2019/64,29,42278,27070,46065," the same issue that would fall for consideration before us. To that extent therefore, and taking into account our decisions above, we are persuaded that this court has jurisdiction to hear the petitioner’s appeal under article 163(4)(a) of the Constitution limited to that issue only. 46 We also note that the petitioner’s counselalso suggested that this court’s jurisdiction under article 163(4)(a) of the Constitution accrues because in "
ke/judgment/kesc/2019/64,30,42441,27070,46065,"t has jurisdiction to hear the petitioner’s appeal under article 163(4)(a) of the Constitution limited to that issue only. 46 We also note that the petitioner’s counselalso suggested that this court’s jurisdiction under article 163(4)(a) of the Constitution accrues because in his opinion, the petitioner’s right of access to justice under article 48 and the right to fair hearing under articles 25 and 50 of the Constitution were violated "
ke/judgment/kesc/2019/64,31,42561,27070,46065,"y. 46 We also note that the petitioner’s counselalso suggested that this court’s jurisdiction under article 163(4)(a) of the Constitution accrues because in his opinion, the petitioner’s right of access to justice under article 48 and the right to fair hearing under articles 25 and 50 of the Constitution were violated by the striking out of the notice of appeal and the record of appeal. Unfortunately, we disagree with that contention. T"
ke/judgment/kesc/2019/64,32,42608,27070,46065,"lalso suggested that this court’s jurisdiction under article 163(4)(a) of the Constitution accrues because in his opinion, the petitioner’s right of access to justice under article 48 and the right to fair hearing under articles 25 and 50 of the Constitution were violated by the striking out of the notice of appeal and the record of appeal. Unfortunately, we disagree with that contention. The petitioner is certainly aggrieved by the dec"
ke/judgment/kesc/2019/64,33,43021,27070,46065,"tainly aggrieved by the decision of the Court of Appeal. A dissatisfaction with a decision of the Court of Appeal such as in this case, cannot be elevated into a question of constitutional interpretation or application. articles 25 and 50 of the Constitution were not a subject of interpretation or application by the Court of Appeal. A party therefore cannot invoke the jurisdiction of this court under article 163(4)(a), where the appeal "
ke/judgment/kesc/2019/64,34,43205,27070,46065,"onal interpretation or application. articles 25 and 50 of the Constitution were not a subject of interpretation or application by the Court of Appeal. A party therefore cannot invoke the jurisdiction of this court under article 163(4)(a), where the appeal is merely founded on the assertion that the Court of Appeal’s determination infringed on his rights. 47 Before we proceed, and for clarity, we would like to distinguish the case at han"
ke/judgment/kesc/2019/64,35,43339,27070,46065,"Court of Appeal. A party therefore cannot invoke the jurisdiction of this court under article 163(4)(a), where the appeal is merely founded on the assertion that the Court of Appeal’s determination infringed on his rights. 47 Before we proceed, and for clarity, we would like to distinguish the case at hand from the decision of Peter Odiwuor Ngoge t/a OP Ngoge & Associates Advocates & 5379 others v J Namada Simoni t/a Namada & Co Advocat"
ke/judgment/kesc/2019/64,36,43879,27070,46065,"ruck out the petitioner’s Notice of Appeal necessitating him to file an appeal to this Court alleging violations of various provisions of the Constitution. In finding that we had no jurisdiction to hear the matter under article 163(4)(a) of the Constitution , we held as follows paragraph 55: This matter, we believe, has not taken a trajectory of constitutional interpretation or application. As set out earlier-on, this matter involved th"
ke/judgment/kesc/2019/64,37,44417,27070,46065," to strike out a notice of appeal. That issue, clearly, involves no constitutional interpretation and/or application. We are persuaded that the issues raised by the appellants do not meet the constitutional threshold in article 163(4)(a).” 48 The Ngoge case did not in any way involve interpretation or application of the Constitution, but rather involved the exercise of the court’s discretion with regard to allowing a withdrawal or strik"
ke/judgment/kesc/2019/64,38,44767,27070,46065,"olved the exercise of the court’s discretion with regard to allowing a withdrawal or striking out of a notice of appeal. However, in the present case we are, as the Court of Appeal was, invited to interpret the place of article 159(2)(d) of the Constitution in determining the effect of non-compliance with the rules of procedure including as regards the place and timelines for filing a notice and record of appeal at the Court of Appeal. "
ke/judgment/kesc/2019/64,39,45856,27070,46065,"ng the exercise of discretion by another Court. 50 For example, in Teachers Service Commission v Kenya National Union of Teachers & 3 Others , SC Application No 16 of 2015; 2015 eKLR , the question before us was whether article 163(4)(a) of the Constitution confers upon this court jurisdiction to entertain an interlocutory application challenging the Court of Appeal orders issued in exercise of its discretionary authority under rule 5(2"
ke/judgment/kesc/2024/2,0,3945,3945,4700,"That was a case under the slip rule that did not have to take the course therein employed by the 1 st respondent. Application dismissed; 1 st respondent to bear its costs. Citations Statutes Supreme Court Act (cap 9B) — section 3A, 10(2), 21(2)(4) ;21A(a) ; 23(2)(e) & (i) — Cited Supreme Court Rules, 2020 (cap 9B, Sub Leg) — rule 62(2) — Cited Advocates Ms. Okaka for Appellant Ms. Adika h/b for Mr. Nyanga for 1st Respondent/Applicant Ru"
ke/judgment/kesc/2024/2,1,4490,3945,4700,"Nyanga for the 1st respondent/applicant(Ben Aduol Nyanga & Co. Advocates) No appearance for the 2nd to 4th respondents (Ben Aduol Nyanga & Co Advocates) 1. Upon perusing this motion brought pursuant to the provisions of sections 3A, 10(2), 21(2) & (4), 21A(a) and 23(2)(e) & (i) of the Supreme Court Act and rule 62(2) of the Supreme Court Rules, 2020 and the third schedule on Taxation of Costs, seeking that the certificate of costs signe"
ke/judgment/kesc/2026/28,0,59029,59029,81234,"ork through which such tribunals may properly exercise judicial authority. 63. Article 169(2) also performs a rights-enabling function, as it is directly linked to the realization of the right of access to justice under Article 48 of the Constitution . As this Court has repeatedly emphasised, the Constitution must be interpreted holistically and contextually in order to give effect to its design, values, and internal coherence. see In t"
ke/judgment/kesc/2026/28,1,59326,59029,81234," Constitution must be interpreted holistically and contextually in order to give effect to its design, values, and internal coherence. see In the Matter of Kenya National Commission on Human Rights (2014] KESC 33 (KLR). Article 169 of the Constitution should therefore not be read in isolation, but as forming part of the constitutional architecture intended to facilitate access to justice, particularly through subordinate courts and loca"
ke/judgment/kesc/2026/28,2,59750,59029,81234," courts and local tribunals that often provide specialized justice. These provisions must accordingly be read together. 64. Given the importance of “local tribunals” in the realization of the right to access to justice, Article 21(1) of the Constitution imposes an obligation on all State organs, including Parliament, to observe, respect, protect, promote, and fulfil the rights and fundamental freedoms in the Bill of Rights. In the absen"
ke/judgment/kesc/2026/28,3,61190,59029,81234,"ng, we affirm the finding of the two superior courts below that Parliament is under a mandatory obligation to enact legislation conferring jurisdiction, functions, and powers on the local tribunals as contemplated under Article 169(2) of the Constitution . 66. Turning to the second limb of this issue, it is clearly evident that there is no constitutionally prescribed timeline for the enactment of legislation under Article 169(2). Unlike"
ke/judgment/kesc/2026/28,4,61388,59029,81234,"as contemplated under Article 169(2) of the Constitution . 66. Turning to the second limb of this issue, it is clearly evident that there is no constitutionally prescribed timeline for the enactment of legislation under Article 169(2). Unlike Article 261 and the Fifth Schedule to the Constitution , which expressly provide timelines and enforcement mechanisms, Article 169(2) is silent on the period within which Parliament must act. In su"
ke/judgment/kesc/2026/28,5,61411,59029,81234,"rticle 169(2) of the Constitution . 66. Turning to the second limb of this issue, it is clearly evident that there is no constitutionally prescribed timeline for the enactment of legislation under Article 169(2). Unlike Article 261 and the Fifth Schedule to the Constitution , which expressly provide timelines and enforcement mechanisms, Article 169(2) is silent on the period within which Parliament must act. In such circumstances, Artic"
ke/judgment/kesc/2026/28,6,61530,59029,81234,"o constitutionally prescribed timeline for the enactment of legislation under Article 169(2). Unlike Article 261 and the Fifth Schedule to the Constitution , which expressly provide timelines and enforcement mechanisms, Article 169(2) is silent on the period within which Parliament must act. In such circumstances, Article 259(8) applies and requires that constitutional obligations be performed “without unreasonable delay.” Parliament is"
ke/judgment/kesc/2026/28,7,61626,59029,81234,"like Article 261 and the Fifth Schedule to the Constitution , which expressly provide timelines and enforcement mechanisms, Article 169(2) is silent on the period within which Parliament must act. In such circumstances, Article 259(8) applies and requires that constitutional obligations be performed “without unreasonable delay.” Parliament is therefore under a duty to enact the required legislation within a reasonable time. 67. The stan"
ke/judgment/kesc/2026/28,8,62077,59029,81234,"reasonable delay” is inherently contextual and must be assessed with reference to the importance of the constitutional obligation, its impact on the enjoyment of rights, particularly the right of access to justice under Article 48, and the constitutional expectation of timely implementation of the Constitution . As we held in In the Matter of Council of Governors & 47 Others [2020] KESC 65 (KLR) (Advisory Opinion)) at para. 94: “ … the "
ke/judgment/kesc/2026/28,9,63072,59029,81234," of an act by the concerned entity.” 68. In the present circumstances, this Court, like the two superior courts below, comes to the conclusion that a delay in enacting the constitutionally contemplated legislation under Article 169(2) for over eight years, as at the time of filing of the 1 st respondent’s petition at the High Court, amounted to unreasonable delay and a breach of the constitutional obligation arising from Articles 48 and"
ke/judgment/kesc/2026/28,10,63277,59029,81234,"islation under Article 169(2) for over eight years, as at the time of filing of the 1 st respondent’s petition at the High Court, amounted to unreasonable delay and a breach of the constitutional obligation arising from Articles 48 and 169(2) of the Constitution . 69. We therefore dismiss this limb of the Appeal. What is the proper interpretation of “local tribunal” under Article 169(1)(d) of the Constitution , and which categories of t"
ke/judgment/kesc/2026/28,11,63432,59029,81234,"delay and a breach of the constitutional obligation arising from Articles 48 and 169(2) of the Constitution . 69. We therefore dismiss this limb of the Appeal. What is the proper interpretation of “local tribunal” under Article 169(1)(d) of the Constitution , and which categories of tribunals fall within that rubric for purposes of transition to the Judiciary 70. The High Court held that the meaning of the term “local tribunal” in Artic"
ke/judgment/kesc/2026/28,12,63647,59029,81234,"nder Article 169(1)(d) of the Constitution , and which categories of tribunals fall within that rubric for purposes of transition to the Judiciary 70. The High Court held that the meaning of the term “local tribunal” in Article 169(1)(d) of the Constitution must be understood through the ejusdem generis rule of interpretation. Under this principle, where general words follow specific ones, the general words are construed to include only"
ke/judgment/kesc/2026/28,13,63922,59029,81234,"d through the ejusdem generis rule of interpretation. Under this principle, where general words follow specific ones, the general words are construed to include only things of the same kind as those specifically listed. Article 169(1) enumerates Magistrates’ courts, Kadhis’ courts, Courts Martial, and other courts before referring to local tribunals. However, the High Court found that this interpretation excludes constitutional tribunal"
ke/judgment/kesc/2026/28,14,64353,59029,81234," tribunals, administrative or advisory tribunals, tribunals whose membership includes superior court judges, and informal bodies not established by statute. The trial court therefore concluded that local tribunals under Article 169(1)(d) are subordinate courts, distinct from advisory or administrative bodies, and must be established through statute. 71. On appeal, the Court of Appeal did not go into a detailed discussion or interpretati"
ke/judgment/kesc/2026/28,15,64942,59029,81234,"tional interpretation. It proceeded to conclude thus- “ We therefore hold that the ejusdem generis rule applies to both statutory interpretation as well as constitutional interpretation. Consequently, local tribunals in article 169(1)(d) of the Constitution must be treated in the same manner as the courts set out under Article 169(1) of the Constitution .” 72. The 1 st appellant faults the Court of Appeal for failing to interpret the te"
ke/judgment/kesc/2026/28,16,65043,59029,81234,"le applies to both statutory interpretation as well as constitutional interpretation. Consequently, local tribunals in article 169(1)(d) of the Constitution must be treated in the same manner as the courts set out under Article 169(1) of the Constitution .” 72. The 1 st appellant faults the Court of Appeal for failing to interpret the term “local tribunal” in contrast to a decision of the same bench of the appellate court in Ngutari & 5"
ke/judgment/kesc/2026/28,17,65393,59029,81234,ribunal” in contrast to a decision of the same bench of the appellate court in Ngutari & 5 Others Vs Okello & 5 Others [2025] KECA 505 (KLR) where it was held at para. 33 that: “To our mind the tribunals contemplated in Article 169(1)(d) are those that are established under an Act of Parliament and which exercise judicial or quasi-judicial powers and are subordinate to the superior courts. They therefore do not encompass international t
ke/judgment/kesc/2026/28,18,65966,59029,81234,"re and those tribunals that are presided over by or include a Judge of the superior courts in their membership. The Business Premises Rent Tribunal is one such tribunal that meets the qualities of a local tribunal under Article 169(1)(d). Being a subordinate court, it must be transited to the judiciary.” Moreover, the 1 st appellant takes issue with the Court of Appeal for failing to set aside limb (e) of the High Court’s order. In its "
ke/judgment/kesc/2026/28,19,66376,59029,81234,"he High Court’s order. In its view, the same had the effect of transiting all tribunals from the Executive to the Judiciary without first determining whether each body qualified as a local tribunal within the meaning of Article 169(1)(d) of the Constitution . 73. The 2 nd appellant argues that although tribunals are not defined in the Constitution , they are created both by the Constitution and statute to perform diverse administrative,"
ke/judgment/kesc/2026/28,20,67695,59029,81234,"t the superior courts below were under a duty to interrogate, on a tribunal-by-tribunal basis, whether each body listed under limb (e) of the High Court’s order properly fell within the meaning of a local tribunal under Article 169(1)(d) of the Constitution . 74. The 1 st respondent, on its part, claims that the term “local tribunals” refers to standing subordinate courts established under Kenyan law and forming part of the Judiciary, a"
ke/judgment/kesc/2026/28,21,68843,59029,81234,"haracterized the decisions of the two superior courts below, arguing that the two courts clearly defined and limited the category of tribunals subject to transition by excluding non-adjudicative bodies from the scope of Article 169(1)(d) of the Constitution . 75. Our understanding of the appellants’ case is that they challenge the Court of Appeal’s decision on two grounds: first, that the appellate court failed to distinguish between ad"
ke/judgment/kesc/2026/28,22,69312,59029,81234,"nals in its interpretation of the term “local tribunal”; and second, that it did not examine whether each of the tribunals listed in limb (e) of the High Court’s order qualified as a local tribunal within the meaning of Article 169(1)(d) of the Constitution . 76. On the first ground, we are of the view that the appellants mischaracterize the Court of Appeal’s findings. While the appellate court did not elaborately discuss the rubric of "
ke/judgment/kesc/2026/28,23,69634,59029,81234,"s mischaracterize the Court of Appeal’s findings. While the appellate court did not elaborately discuss the rubric of “local tribunal”, it explicitly endorsed the High Court’s use of ejusdem generis rule in interpreting Article 169(1)(d) of the Constitution . 77. On our part, we do not see any fault in the use of the ejusdem generis rule, a general rule of legal interpretation, in construing the meaning of “local tribunal” as used in Ar"
ke/judgment/kesc/2026/28,24,69852,59029,81234,"g Article 169(1)(d) of the Constitution . 77. On our part, we do not see any fault in the use of the ejusdem generis rule, a general rule of legal interpretation, in construing the meaning of “local tribunal” as used in Article 169(1)(d) of the Constitution . We would add that Article 169(1) of the Constitution defines subordinate courts as including Magistrates’ courts, Kadhis’ courts, Courts Martial, and “any other court or local trib"
ke/judgment/kesc/2026/28,25,69910,59029,81234," we do not see any fault in the use of the ejusdem generis rule, a general rule of legal interpretation, in construing the meaning of “local tribunal” as used in Article 169(1)(d) of the Constitution . We would add that Article 169(1) of the Constitution defines subordinate courts as including Magistrates’ courts, Kadhis’ courts, Courts Martial, and “any other court or local tribunal as may be established by an Act of Parliament”, other"
ke/judgment/kesc/2026/28,26,70166,59029,81234,"efines subordinate courts as including Magistrates’ courts, Kadhis’ courts, Courts Martial, and “any other court or local tribunal as may be established by an Act of Parliament”, other than the courts contemplated under Article 162(2) of the Constitution . The inclusion of the phrase “local tribunal” within this enumeration is of central interpretive significance. Under the ejusdem generis rule of interpretation, where general words fol"
ke/judgment/kesc/2026/28,27,70511,59029,81234,"pretive significance. Under the ejusdem generis rule of interpretation, where general words follow specific ones, the general words are confined to things of the same class as those previously enumerated. The heading of Article 169(1) refers expressly to “Subordinate courts”. The entities specifically named - Magistrates’ courts, Kadhis’ courts and Courts Martial - are all courts of law, exercising judicial authority, subordinate to the"
ke/judgment/kesc/2026/28,28,74330,59029,81234,". 81. We therefore dismiss the contention by the appellants that the Court of Appeal failed to distinguish between advisory and adjudicative tribunals in its interpretation of the term “local tribunal” as provided in of Article 169(1)(d) of the Constitution . 82. On the second front of the appellants’ contention, upon evaluation of the judgments by the two superior courts below, we find merit in the appellants’ submission that both the "
ke/judgment/kesc/2026/28,29,74730,59029,81234,he appellants’ submission that both the High Court and the Court of Appeal did not examine whether each of the tribunals listed in limb (e) of the High Court’s order qualified as a “local tribunal” within the meaning of Article 169(1)(d) of the Constitution . The impugned limb (e) reads: “A declaration hereby issues that any new appointment or removal of a member of any of the Tribunals under article 169(1)(d) of the Constitution must b
ke/judgment/kesc/2026/28,30,74906,59029,81234,"as a “local tribunal” within the meaning of Article 169(1)(d) of the Constitution . The impugned limb (e) reads: “A declaration hereby issues that any new appointment or removal of a member of any of the Tribunals under article 169(1)(d) of the Constitution must be undertaken by the Judicial Service Commission. For certainty, such local tribunals include: - a. Board of Review established under the Prisons Act ; b. Business Premises Trib"
ke/judgment/kesc/2026/28,31,77260,59029,81234,"of Appeal judgments reveals that neither court undertook an analysis of whether each of the bodies listed in Limb (e) of the High Court’s order properly fell within the rubric of a “local tribunal” as contemplated under Article 169(1)(d) of the Constitution . That omission, however, is not the only difficulty that arises with the findings by the two superior courts below. 84. We have examined the 1 st respondent’s amended petition dated"
ke/judgment/kesc/2026/28,32,77914,59029,81234,"nd that a court exceeds its jurisdiction when it grants reliefs that have not been pleaded or in respect of which the opposing parties were not afforded an opportunity to address the court through evidence and submissions. 85. This Court has also consistently underscored the centrality of pleadings to the adjudication process. In Odinga & Another Vs Independent Electoral and Boundaries Commission & 2 Others [2017] KESC 31 (KLR), we stat"
ke/judgment/kesc/2026/28,33,78666,59029,81234," where a material proposition of fact or law is affirmed by one party and denied by the other, and that it is neither desirable nor permissible for a court to frame or determine issues that do not arise from the pleadings. 86. In the present case, the declaration that crystallized into limb (e) of the High Court’s order was not pleaded and therefore fell outside the scope of the issues properly before the superior courts below. In grant"
ke/judgment/kesc/2026/28,34,79129,59029,81234,"gh Court acted without a foundation in the pleadings and without affording the parties an opportunity to address the specific question of whether each of the listed statutory bodies qualified as a “local tribunal” under Article 169(1)(d) of the Constitution . On that basis, and without expressing a view on the substantive merits of the classification of the individual statutory bodies listed in the impugned limb (e) of the High Court’s "
ke/judgment/kesc/2026/28,35,79904,59029,81234," underway 87. This question concerns the constitutional propriety of the High Court’s issuance, as affirmed by the Court of Appeal, of a structural interdict compelling Parliament to enact the Tribunals Bill pursuant to Article 169(2) of the Constitution and to report progress thereof to the court. The question turns on whether the supervised interdict directed at the appellants by the superior courts below, constituted an appropriate e"
ke/judgment/kesc/2026/28,36,80156,59029,81234,"on and to report progress thereof to the court. The question turns on whether the supervised interdict directed at the appellants by the superior courts below, constituted an appropriate exercise of judicial power under Article 23(3) of the Constitution , or whether that order transgressed the separation of powers by intruding into the legislative domain. 88. The High Court found that Parliament had failed to enact legislation contempla"
ke/judgment/kesc/2026/28,37,80386,59029,81234,"(3) of the Constitution , or whether that order transgressed the separation of powers by intruding into the legislative domain. 88. The High Court found that Parliament had failed to enact legislation contemplated under Article 169(2) for an extended period and that this failure undermined access to justice under Article 48 of the Constitution . As a remedy, it issued a structural interdict requiring the appellants to take steps towards"
ke/judgment/kesc/2026/28,38,80481,59029,81234,"ing into the legislative domain. 88. The High Court found that Parliament had failed to enact legislation contemplated under Article 169(2) for an extended period and that this failure undermined access to justice under Article 48 of the Constitution . As a remedy, it issued a structural interdict requiring the appellants to take steps towards enacting the Tribunal Bill and to file affidavits in court reporting on progress. The impugned"
ke/judgment/kesc/2026/28,39,81025,59029,81234,"spondents herein (the appellants before this Court), are hereby directed to take proactive steps within their respective dockets towards propagating the Tribunals Bill with a view of transiting the local tribunals under article 169(1)(d) of the Constitution to the Judiciary. To that end, the Hon. Attorney General and the Parliament shall file affidavits within 6 months of this judgment detailing the steps taken. g. Upon filling of the a"
ke/judgment/kesc/2025/27,0,27292,27292,67588,"spondent’s products within the territory of Kenya. b. A declaration that the goodwill generated, acquired and produced by the appellant in respect of the respondent’s products in Kenya is property and is protected under article 40 of the Constitution of Kenya. c. A declaration that the respondent’s-imposed terms of trade in relation to the distributorship herein are arbitrary, unfair, unconscionable, discriminatory, coloured in bad fait"
ke/judgment/kesc/2025/27,1,28339,27292,67588,"he appellant’s distributorship in Kenya in respect of all the respondent’s products. f. Damages as particularized in the petition. g. Any other or further reliefs that this honourable court may deem fit to grant. h. Costs. 7. According to the respondent, it was engaged in several contractual distributorship agreements with Jovet (Tanzania) Limited, since December 1, 2004. On June 27, 2011, it entered into an agreement (hereinafter “the "
ke/judgment/kesc/2025/27,2,33697,27292,67588,"erred in law and fact by failing to appreciate the constitutional nature of the appellant’s petition, thereby refusing to address the constitutional claims pleaded and argued by the appellant contrary to the dictates of article 50 of the Constitution which entitles all parties to a fair hearing of their respective cases and instead focused on a different and unrelated cause of action; 2. That the Judge erred in law and fact by determini"
ke/judgment/kesc/2025/27,3,34946,27292,67588,"hewing viva voce testimony, and were bound by the consequences of the consent, thus making the appellant’s testimony and evidence uncontroverted due to the respondent’s decision not to cross-examine the appellant’s witness. 17. The appellant as a result thereof sought the following orders: a. The appeal be allowed so that the decision made by the High Court dated March 5, 2019 be set aside and replaced by a judgment in favour of the app"
ke/judgment/kesc/2025/27,4,36658,27292,67588,"tter was commercial in nature. For that reason, the appellate court held that there was no merit in the appellant’s complaint that the trial Judge erred in not treating the petition as one raising constitutional questions. 19. }On the merits of the dispute and based on the totality of the evidence on record, the appellate court found that, at no point in time did the respondent appoint the appellant as a distributor of its products and "
ke/judgment/kesc/2025/27,5,39179,27292,67588,"or adjudicated in a matter before the Commercial and Tax Division of the High Court, effectively limiting the jurisdiction of the High Court to resolve constitutional disputes embedded in commercial matters, contrary to article 165(3) of the Constitution . 22. The appellant for the above reasons now seeks the following reliefs: 1. That the appeal be allowed and both the Court of Appeal Judgment dated October 11, 2024 and the High Court "
ke/judgment/kesc/2025/27,6,39665,27292,67588," aside and the petition dated April 4, 2017 be allowed as prayed. 2. That in alternative to prayer (1) above, the matter be remitted back to the High Court for a merit determination on the pleaded constitutional questions. 3. That this honourable court be pleased to grant any or further relief it deems just. 4. Costs to be awarded to the appellant. 23. }In opposing the appeal, the respondent has filed its Grounds of Objection dated Dece"
ke/judgment/kesc/2025/27,7,40125,27292,67588,"eplying affidavit sworn by Peter-Jan Joost Marie Swinkels, the Chief Executive Officer for the respondent on December 9, 2024. The respondent contends that the appeal to the Supreme Court does not lie as of right, under article 163(4)(a) of the Constitution of Kenya, as it does not comprise any issue on the interpretation or application of the Constitution but it is and has been a purely commercial dispute. Additionally, the respondent "
ke/judgment/kesc/2025/27,8,40432,27292,67588,"e interpretation or application of the Constitution but it is and has been a purely commercial dispute. Additionally, the respondent averred that the Supreme Court’s jurisdiction has not been appropriately invoked under article 163(4)(b) of the Constitution as there is no certificate granting leave to appeal to the Supreme Court either by this court or the Court of Appeal. 24. Further, that the appellant’s right to fair hearing under ar"
ke/judgment/kesc/2025/27,9,40650,27292,67588,"r article 163(4)(b) of the Constitution as there is no certificate granting leave to appeal to the Supreme Court either by this court or the Court of Appeal. 24. Further, that the appellant’s right to fair hearing under article 50 of the Constitution was not violated as there was no error committed when the superior courts below identified and determined the single issue of breach or otherwise of the Distribution Agreement. It is, in th"
ke/judgment/kesc/2025/27,10,41440,27292,67588,"r benefits over the respondent, either expressly or impliedly. a.The Appellant’s Written Submissions 25. The appellant relies on its written submissions dated February 7, 2025 and submits that the appeal is lodged under article 163(4)(a) of the Constitution as it involves the interpretation and application of the Constitution , particularly articles 2, 3, 10, 19, 22, 24, 27, 40, 47, 50 and 159, asserting that specific constitutional que"
ke/judgment/kesc/2025/27,11,41563,27292,67588,"es on its written submissions dated February 7, 2025 and submits that the appeal is lodged under article 163(4)(a) of the Constitution as it involves the interpretation and application of the Constitution , particularly articles 2, 3, 10, 19, 22, 24, 27, 40, 47, 50 and 159, asserting that specific constitutional questions have been maintained from the High Court to the Court of Appeal. The appellant in that regard faults both superior c"
ke/judgment/kesc/2025/27,12,41992,27292,67588," superior courts for ignoring the constitutional nature of the questions raised and mischaracterising the issues as commercial even after acknowledging the existence of the said constitutional questions in their judgments. 26. The appellant further argues that the superior courts were bound to adjudicate the matter as presented, citing the Bia Tosha Distributors Limited v Kenya Breweries Limited & 6 others ; (Petition 15 of 2020) [2023]"
ke/judgment/kesc/2025/27,13,43966,27292,67588,"ppellant through its investment and marketing of the respondent’s products in Kenya. It is also argued that the superior courts thereby failed to recognize that this goodwill is constitutionally protected property under article 40, and thus deviated from the Court of Appeal’s decision in Heineken East African Import Company Limited & another v Maxam Limited [2024] KECA 625 (KLR) in which it was held that beer manufacturers cannot unilat"
ke/judgment/kesc/2025/27,14,44312,27292,67588,"Maxam Limited [2024] KECA 625 (KLR) in which it was held that beer manufacturers cannot unilaterally terminate the distribution of their products due to the unequal power balance between the manufacturers and distributors. 29. It is furthermore submitted that the appellant withdrew Chief Magistrate Suit No 1756 of 2016 before it was heard, meaning the doctrine of res judicata did not apply. In any event, the withdrawal was based on lega"
ke/judgment/kesc/2025/27,15,45380,27292,67588," the doctrine of the privity of contract cannot supersede the Constitution . 31. Finally it is urged that the High Court and Court of Appeal, by failing to address constitutional issues raised by the appellant, violated articles 10, 47, and 50 of the Constitution . This omission, in the appellant’s view, renders the decisions of the High Court and Court of Appeal erroneous and subject to being set aside. b.The Respondent’s Written Submi"
ke/judgment/kesc/2025/27,16,45782,27292,67588,"side. b.The Respondent’s Written Submissions 32. The respondent relies on its written submissions dated February 24, 2025 and states that this court lacks jurisdiction to hear the appeal as the appellant’s invocation of article 163(4)(a) of the Constitution is misguided because both the superior courts below framed the main issue for determination as being of a commercial rather than constitutional nature. Further, that this court canno"
ke/judgment/kesc/2025/27,17,46721,27292,67588,"sui generis relationship with the latter and which lasted over a decade. This change in position, it is urged, has fundamentally altered the basis of the appellant's claim regarding goodwill as intangible property under article 40 of the Constitution . Additionally, the respondent submits that, as the case did not proceed with one party making a claim and the other opposing it, the court possessed the liberty to frame the issues for det"
ke/judgment/kesc/2025/27,18,47610,27292,67588,"t be executed within the context of a commercial dispute. 34. The respondent further argues that, in the absence of a valid contract, the constitutional claim relating to goodwill and the resulting property rights under article 40 of the Constitution are invalid. Furthermore, the superior courts correctly applied the doctrine of constitutional avoidance and that principle calls for the resolution of a dispute without reliance on constit"
ke/judgment/kesc/2025/27,19,48348,27292,67588,"nd determine the appeal? ii. Whether the superior court below were duty-bound to address all the issues raised by the appellant, and whether their failure to do so amounted to a violation of the appellant’s rights under article 50 of the Constitution . iii. Whether goodwill is intangible property and ought to be protected under article 40 of the Constitution . iv. Whether the appellant is entitled to the reliefs sought including costs. "
ke/judgment/kesc/2025/27,20,48458,27292,67588," by the appellant, and whether their failure to do so amounted to a violation of the appellant’s rights under article 50 of the Constitution . iii. Whether goodwill is intangible property and ought to be protected under article 40 of the Constitution . iv. Whether the appellant is entitled to the reliefs sought including costs. E. Analysis and Determination i.Whether the court has jurisdiction to hear and determine the appeal 36. The ap"
ke/judgment/kesc/2025/27,21,48720,27292,67588,er the appellant is entitled to the reliefs sought including costs. E. Analysis and Determination i.Whether the court has jurisdiction to hear and determine the appeal 36. The appeal before us is filed as of right under article 163(4)(a) of the Constitution . The respondent however contends that the decision from which the appeal is brought does not involve any issue regarding the interpretation or application of the Constitution and th
ke/judgment/kesc/2025/27,22,48974,27292,67588,"ion . The respondent however contends that the decision from which the appeal is brought does not involve any issue regarding the interpretation or application of the Constitution and therefore the right of appeal under article 163 (4)(a) of the Constitution does not lie. On our part, we note that in Lawrence Nduttu & 6000 others v Kenya Breweries Ltd & another , SC. Pet. No 3 of 2012; [2012] eKLR, this court set the guiding principles "
ke/judgment/kesc/2025/27,23,49844,27292,67588,"interpretation. Where the case to be appealed from had nothing or little to do with the interpretation or application of the Constitution , it cannot support a further appeal to the Supreme Court under the provisions of article 163(4)(a).” 37. Further, in Gatirau Peter Munya v Dickson Mwenda Kithinji & 2 others , SC App No 5 of 2014; [2014] eKLR (Munya 1) we stated that, where specific constitutional provisions cannot be identified as h"
ke/judgment/kesc/2025/27,24,50978,27292,67588,"e that one of the reliefs sought before the High Court was a declaration that the goodwill generated, acquired, and developed by the appellant in relation to the respondent’s products in Kenya constitutes property under article 40 of the Constitution . The appellant has further invoked article 50 of the Constitution , contending that the superior courts failed to address the constitutional issues raised in the original petition. In our "
ke/judgment/kesc/2025/27,25,51045,27292,67588,"ation that the goodwill generated, acquired, and developed by the appellant in relation to the respondent’s products in Kenya constitutes property under article 40 of the Constitution . The appellant has further invoked article 50 of the Constitution , contending that the superior courts failed to address the constitutional issues raised in the original petition. In our view, and without saying more at this point, these two matters cons"
ke/judgment/kesc/2025/27,26,51447,27292,67588," at this point, these two matters constitute constitutional questions that form the basis of the present appeal. We are also certain that the appellant has consistently raised the first issue- goodwill as property under article 40 of the Constitution -in both superior courts below. Moreover, from the summary of the grounds of appeal raised by the appellant before the Court of Appeal as delineated earlier (see paragraph 21 above), the ap"
ke/judgment/kesc/2025/27,27,52034,27292,67588," manner we have expressed above. ii.Whether the superior courts were duty-bound to address all the issues raised by the appellant, and whether their failure to do so amount to a violation of the appellant’s rights under Article 50 of the Constitution ? 40. Two arguments have been raised in regard to this issue. The first concerns the transfer of the petition filed at the High Court from the Constitutional and Human Rights Division to th"
ke/judgment/kesc/2025/27,28,52485,27292,67588,"l and Admiralty Division. On its part, the respondent argues that this transfer effectively deprived the latter Division of jurisdiction to address the constitutional issues raised in the petition. The appellant disagrees. 41. The second relates to whether the trial and appellate courts were obligated to address all the issues raised in the petition. The appellant, in addressing that issue, contends that the courts below were obligated "
ke/judgment/kesc/2025/27,29,54763,27292,67588,"nstitutional issue of any significance arose for determination. The Court of Appeal therefore found no merit in the complaint that the trial judge erred in not treating the petition as one raising constitutional questions. 44. We have equally considered the basis of the transfer from the Constitutional division to the Commercial and Admiralty Division of the High Court. In the consent letter filed in the trial court, the parties only ag"
ke/judgment/kesc/2025/27,30,55587,27292,67588,"stratum of the case originated from a commercial dispute. Regardless, the petitioner raised constitutional issues which the Commercial and Admiralty Division, being part of the High Court, and owing to its mandate under article 165 of the Constitution , had jurisdiction to consider. We further find that the appellant, even at the Commercial and Admiralty Division reiterated numerously in its submissions that the issue before the court w"
ke/judgment/kesc/2025/27,31,56051,27292,67588,ay of plaint but the same was a petition raising constitutional issues and at no point did it waver on that submission. 46. Divisions of the High Court were established solely for the proper administration of the court. Section 11 of the High Court (Organization and Administration) Act cap 8C in this regard specifically provides thus: “ 11. Establishment of Divisions (1) For purposes of promoting effectiveness and efficiency in the admi
ke/judgment/kesc/2025/27,32,57039,27292,67588,"blished to address novel issues within its specific area of administration. The establishment of these Divisions did not, in any way, diminish their mandate or oust their original High Court jurisdiction as conferred by article 165 of the Constitution including the determination of constitutional questions. Consequently, the transfer of the dispute from the Constitutional and Human Rights Division to the Commercial and Admiralty Divisio"
ke/judgment/kesc/2025/27,33,62664,27292,67588,"ust ensure that each is addressed comprehensively in its final judgment. That is the essence of the right to a fair hearing and the right to be heard in our Constitution. 53. In this case, the constitutional issue under article 40 of the Constitution was not addressed by the trial court. The Court of Appeal, equally, and in re-assessing the evidence presented overlooked this failure by the trial court and proceeded on the same trajector"
ke/judgment/kesc/2025/27,34,63075,27292,67588,"oceeded on the same trajectory. The trajectory taken by the courts is akin to constitutional avoidance which entails that a court will not determine a constitutional issue, when it may properly be decided on another basis. 54. This Court has previously adopted the principle of constitutional avoidance in the case of Communications Commission of Kenya & 5 others v Royal Media Services Limited & 5 others at paragraphs 256- 258 when it fou"
ke/judgment/kesc/2025/27,35,64129,27292,67588,"eld that it would not decide a constitutional question which was properly before it, if there was also some other basis upon which the case could have been disposed of (See Ashwander v Tennessee Valley Authority , 297 U.S. 288, 347 (1936)). 56. There has always been tension between the doctrine of constitutional avoidance and the primacy of rights approach to adjudication as envisaged in article 20 (3) of the Constitution . Walter Khobe"
ke/judgment/kesc/2025/27,36,64300,27292,67588,"e Ashwander v Tennessee Valley Authority , 297 U.S. 288, 347 (1936)). 56. There has always been tension between the doctrine of constitutional avoidance and the primacy of rights approach to adjudication as envisaged in article 20 (3) of the Constitution . Walter Khobe Ochieng in “ From constitutional avoidance to the primacy of rights approach to adjudication in Kenya: A case study of the interplay between constitutional rights and the"
ke/judgment/kesc/2025/27,37,65456,27292,67588,"transformed form”. In effect, in contrast to the approach of constitutional avoidance that advices courts to refrain from applying constitutional values and norms in disputes, the commitment to constitutional justice in article 20(3) of the Constitution encourages proactive invocation of the normative standards in the Constitution in resolving disputes. This approach of primacy to adjudication imposes an obligation on courts to actively"
ke/judgment/kesc/2025/27,38,66163,27292,67588,"s), albeit dissenting, lamented on the majority’s use of the common law doctrine of judicial notice and the Evidence Act to an issue brought to their attention through a letter by stating as follows: “ The provisions of article 20(3)(a) and (b) have, indeed, torn away the last shreds of that perhaps comforting illusion, especially in the context of human rights, that judges in the common law system do not make law. As I read these provi"
ke/judgment/kesc/2025/27,39,67379,27292,67588," The appellant, at the trial court, sought reliefs including a declaration that the goodwill it generated, acquired, and established in relation to the respondent’s products in Kenya constituted property protected under article 40 of the Constitution of Kenya, and a declaration that the imposed distributorship terms were arbitrary, unfair, unconscionable, discriminatory, tainted with bad faith, and contrary to Kenya’s public policy. The"
ke/judgment/kesc/2024/41,0,3423,3423,21316,"mplementation or resolution. Whether the Supreme Court could adjudicate an electoral dispute concerning the validity of a Speaker's election when the Speaker had subsequently been impeached. Held Under the provisions of section 23A of the Supreme Court Act, the Supreme Court had jurisdiction to issue an order for stay of execution, an injunction, stay of further proceedings or any other conservatory or interim orders, on such terms as t"
ke/judgment/kesc/2024/41,1,4873,3423,21316,a Munya v Kithinji & 2 others Application 5 of 2014; [2014] KESC 30 (KLR) - (Explained) Rai & 3 others v Rai Estate of & 4 others Petition 4 of 2012; [2014] KESC 31 (KLR) - (Applied) Statutes Kenya Constitution of Kenya articles 38(3)(c); 75; 87; 159(2)(c); 163 (4)(a); 178 (1)(3); 193 (1)(b); 200(2) — (Interpreted) County Governments Act (cap 265) sections 7 (1)(b); 9A — (Interpreted) Elections Act (cap 7) sections 7A; 21 (1) — (Interpr
ke/judgment/kesc/2024/41,2,5003,3423,21316,"Petition 4 of 2012; [2014] KESC 31 (KLR) - (Applied) Statutes Kenya Constitution of Kenya articles 38(3)(c); 75; 87; 159(2)(c); 163 (4)(a); 178 (1)(3); 193 (1)(b); 200(2) — (Interpreted) County Governments Act (cap 265) sections 7 (1)(b); 9A — (Interpreted) Elections Act (cap 7) sections 7A; 21 (1) — (Interpreted) Supreme Court Act (cap 9B) sections 3, 3A, 20(2); 21(1)(A); 22; 23A; 24; 29C(1) — (Interpreted) Supreme Court Rules, 2020 (c"
ke/judgment/kesc/2024/41,3,5063,3423,21316,"s Kenya Constitution of Kenya articles 38(3)(c); 75; 87; 159(2)(c); 163 (4)(a); 178 (1)(3); 193 (1)(b); 200(2) — (Interpreted) County Governments Act (cap 265) sections 7 (1)(b); 9A — (Interpreted) Elections Act (cap 7) sections 7A; 21 (1) — (Interpreted) Supreme Court Act (cap 9B) sections 3, 3A, 20(2); 21(1)(A); 22; 23A; 24; 29C(1) — (Interpreted) Supreme Court Rules, 2020 (cap 9B Sub Leg) rules 31, 32 —(Interpreted) Advocates Mr. Omo"
ke/judgment/kesc/2024/41,4,5126,3423,21316,"(c); 163 (4)(a); 178 (1)(3); 193 (1)(b); 200(2) — (Interpreted) County Governments Act (cap 265) sections 7 (1)(b); 9A — (Interpreted) Elections Act (cap 7) sections 7A; 21 (1) — (Interpreted) Supreme Court Act (cap 9B) sections 3, 3A, 20(2); 21(1)(A); 22; 23A; 24; 29C(1) — (Interpreted) Supreme Court Rules, 2020 (cap 9B Sub Leg) rules 31, 32 —(Interpreted) Advocates Mr. Omondi for the applicant Ms. Agnes Awuor for the 2nd respondent Mr"
ke/judgment/kesc/2024/41,5,5853,3423,21316,"uochier dated May 20, 2024, seeking injunctive orders and admission of additional evidence; and 2. Upon reading the motion dated March 18, 2024 and filed on even date by Charles Owino Likowa, the petitioner, pursuant to article 163(4)(a) of the Constitution sections 3, 3A, 21(1)(A), 23A, 24 of the Supreme Court Act , No 7 of 2011 and rules 31 and 32 of the Supreme Court Rules seeking the following orders: 1. Spent 2. There be stay of ex"
ke/judgment/kesc/2024/41,6,5891,3423,21316,"junctive orders and admission of additional evidence; and 2. Upon reading the motion dated March 18, 2024 and filed on even date by Charles Owino Likowa, the petitioner, pursuant to article 163(4)(a) of the Constitution sections 3, 3A, 21(1)(A), 23A, 24 of the Supreme Court Act , No 7 of 2011 and rules 31 and 32 of the Supreme Court Rules seeking the following orders: 1. Spent 2. There be stay of execution of the judgment of the Court o"
ke/judgment/kesc/2024/41,7,6646,3423,21316," Court dated February 21, 2023, issued in Migori High Court Constitutional Petition No E006 of 2022, quashing the election of the petitioner, Charles Owino Likowa and requiring the County Assembly of Migori, pursuant to article 178(1) as read with section 21(1) of the Elections Act , to elect its Speaker afresh within 21 days, as affirmed by the judgment of the Court of Appeal dated May 26, 2023, and Reasons dated February 23, 2024, pen"
ke/judgment/kesc/2024/41,8,6674,3423,21316,"23, issued in Migori High Court Constitutional Petition No E006 of 2022, quashing the election of the petitioner, Charles Owino Likowa and requiring the County Assembly of Migori, pursuant to article 178(1) as read with section 21(1) of the Elections Act , to elect its Speaker afresh within 21 days, as affirmed by the judgment of the Court of Appeal dated May 26, 2023, and Reasons dated February 23, 2024, pending hearing and determinati"
ke/judgment/kesc/2024/41,9,7184,3423,21316,"ffirming the position of the petitioner, Charles Owino Likowa, Speaker County Assembly of Migori, do remain in office and continue serving and exercising functions, powers, duties and responsibilities as contemplated by article 178(1) of the Constitution and section 7(1)(b) and 9A of the County Governments Act , pending the hearing and determination of the Appeal. 6. The court be pleased to issue such further conservatory orders with re"
ke/judgment/kesc/2024/41,10,7223,3423,21316,", Charles Owino Likowa, Speaker County Assembly of Migori, do remain in office and continue serving and exercising functions, powers, duties and responsibilities as contemplated by article 178(1) of the Constitution and section 7(1)(b) and 9A of the County Governments Act , pending the hearing and determination of the Appeal. 6. The court be pleased to issue such further conservatory orders with respect to the position of the Speaker, C"
ke/judgment/kesc/2024/41,11,8313,3423,21316,"peal affirmed the decision of the High Court dated February 21, 2023 nullifying his election as the Migori County Assembly Speaker and directing the County Assembly to conduct a fresh election of its Speaker pursuant to article 178(1) as read with section 21(1) of the Elections Act as well as section 9A of the County Governments Act , within 21 days. He further urges that his Petition of Appeal raises issues of constitutional interpreta"
ke/judgment/kesc/2024/41,12,8341,3423,21316,"f the High Court dated February 21, 2023 nullifying his election as the Migori County Assembly Speaker and directing the County Assembly to conduct a fresh election of its Speaker pursuant to article 178(1) as read with section 21(1) of the Elections Act as well as section 9A of the County Governments Act , within 21 days. He further urges that his Petition of Appeal raises issues of constitutional interpretation and application specifi"
ke/judgment/kesc/2024/41,13,8387,3423,21316,"fying his election as the Migori County Assembly Speaker and directing the County Assembly to conduct a fresh election of its Speaker pursuant to article 178(1) as read with section 21(1) of the Elections Act as well as section 9A of the County Governments Act , within 21 days. He further urges that his Petition of Appeal raises issues of constitutional interpretation and application specifically that the decision of the Court of Appeal"
ke/judgment/kesc/2024/41,14,8766,3423,21316,"ication specifically that the decision of the Court of Appeal, affirming that of the High Court, reopened a concluded constitutional process, in a manner not contemplated by the Constitution or statute; that pursuant to article 178(1) of the Constitution once a Speaker of any County Assembly is elected as the first order of business for a newly elected County Assembly, the Speaker holds office for a term of five years unless removed in "
ke/judgment/kesc/2024/41,15,9013,3423,21316,"itution once a Speaker of any County Assembly is elected as the first order of business for a newly elected County Assembly, the Speaker holds office for a term of five years unless removed in the manner contemplated by articles 178(3) and 200(2)(c) of the Constitution ; that a Speaker’s election can only be challenged through the process contemplated by article 87 of the Constitution and by special electoral dispute resolution mechanis"
ke/judgment/kesc/2024/41,16,9150,3423,21316,"holds office for a term of five years unless removed in the manner contemplated by articles 178(3) and 200(2)(c) of the Constitution ; that a Speaker’s election can only be challenged through the process contemplated by article 87 of the Constitution and by special electoral dispute resolution mechanism, provided for under section 75 of the Elections Act , which did not happen in his case; and 4. Further, that, if the orders of the Cour"
ke/judgment/kesc/2024/41,17,9255,3423,21316,"0(2)(c) of the Constitution ; that a Speaker’s election can only be challenged through the process contemplated by article 87 of the Constitution and by special electoral dispute resolution mechanism, provided for under section 75 of the Elections Act , which did not happen in his case; and 4. Further, that, if the orders of the Court of Appeal below are implemented, it would be irreversible and would trigger other constitutional and le"
ke/judgment/kesc/2024/41,18,10151,3423,21316,"ification of his election as Speaker; that the 2 nd respondent’s mandate of presiding over the election of the Speaker is invoked only during the first sitting of the County Assembly after a general election pursuant to section 7A and 21 of the Elections Act , and having done so, becomes functus officio; and that since there are no legal provisions for conducting a repeat of the election process as ordered by the Court of Appeal, the 2 "
ke/judgment/kesc/2024/41,19,10817,3423,21316," he never returned his nomination papers with all the mandatory documents which were required of all candidates who contested for the position of Speaker; and that therefore he was correctly locked out of the process as article 193(1)(b) of the Constitution requires that one of the requirements for qualification for a Member of County Assembly is to satisfy any educational, moral and ethical requirements prescribed in law; and 6. Upon p"
ke/judgment/kesc/2024/41,20,12400,3423,21316,"urther declined to issue and/or uphold the stay of execution orders of a fresh election for the office of Speaker of the County Assembly for Migori which were to be held within 21 days of March 4, 2024; that pursuant to section 22 of the Supreme Court Act , the court may remit proceedings back to a court or tribunal with jurisdiction to deal with a matter and he therefore requests the court to remit the Consent to the High Court for ado"
ke/judgment/kesc/2024/41,21,12789,3423,21316,"ourt to remit the Consent to the High Court for adoption; alternatively, he requests that the court adopt the consent of the parties to allow them to resolve the dispute in the manner that they agreed upon, in line with section 29C(1) of the Supreme Court Act which provides that the court shall promote and encourage alternative dispute resolution mechanisms per article 159(2)(c) of the Constitution ; once the consent is adopted, the Mot"
ke/judgment/kesc/2024/41,22,12933,3423,21316,"em to resolve the dispute in the manner that they agreed upon, in line with section 29C(1) of the Supreme Court Act which provides that the court shall promote and encourage alternative dispute resolution mechanisms per article 159(2)(c) of the Constitution ; once the consent is adopted, the Motions and the related Petition of Appeal No E008 of 2024 would be rendered wholly unnecessary; and 8. Upon Perusing the petitioner’s rejoinder da"
ke/judgment/kesc/2024/41,23,15238,3423,21316,"vertising the vacancy in the office of the Speaker of the County Assembly of Migori following the impeachment of the Petitioner; that the ongoing election for Speaker fails to recognize the 1 st respondent’s right under article 38(3)(c) of the Constitution to hold the office of Speaker upon his automatic election at the close of nomination period at 9.00AM on September 19, 2022 being the only duly nominated candidate; that according to "
ke/judgment/kesc/2024/41,24,15458,3423,21316,"article 38(3)(c) of the Constitution to hold the office of Speaker upon his automatic election at the close of nomination period at 9.00AM on September 19, 2022 being the only duly nominated candidate; that according to article 178(2), the individual responsible for overseeing the election of a permanent Speaker in the event of a vacancy is an existing member of the County Assembly while in contrast, the person in charge of supervising "
ke/judgment/kesc/2024/41,25,15941,3423,21316,"er is the Clerk, who is not a member of the County Assembly; as the 2 nd respondent is not a member of the County Assembly, she does not have the authority to preside over the election of a new substantive Speaker under article 178(2)(b); consequently, he urged that the ongoing election for the Speaker of the County Assembly of Migori advertised in the Standard newspaper of May 15, 2024 and conducted by the 2 nd respondent ought to be c"
ke/judgment/kesc/2024/41,26,16678,3423,21316,"evidence is directly relevant to the case before the court as the 2 nd respondent used it to determine which nominated candidates met the requirements in the County Assembly of Migori’s Standing Order 5, as specified in section 21(1) of the Elections Act as well as section 9A(1) of the County Governments Act , as read with article 178(3) of the Constitution ; that he obtained this evidence as a result of the negotiations by the parties "
ke/judgment/kesc/2024/41,27,16724,3423,21316,"re the court as the 2 nd respondent used it to determine which nominated candidates met the requirements in the County Assembly of Migori’s Standing Order 5, as specified in section 21(1) of the Elections Act as well as section 9A(1) of the County Governments Act , as read with article 178(3) of the Constitution ; that he obtained this evidence as a result of the negotiations by the parties to settle their dispute using out-of-court res"
ke/judgment/kesc/2024/41,28,16783,3423,21316,"ich nominated candidates met the requirements in the County Assembly of Migori’s Standing Order 5, as specified in section 21(1) of the Elections Act as well as section 9A(1) of the County Governments Act , as read with article 178(3) of the Constitution ; that he obtained this evidence as a result of the negotiations by the parties to settle their dispute using out-of-court resolution whereby the papers were filed at the High Court at "
ke/judgment/kesc/2024/41,29,17243,3423,21316,"o E006 of 2022 on February 14, 2024; that a review of the nomination papers revealed that only the 1 st respondent met all the nomination requirements; that the new additional evidence satisfies the criteria outlined in section 20(2) of the Supreme Court, 2022 as it is directly relevant to the case before the Court; it has the potential to influence the court's decision; it could not have been reasonably obtained for use during the tria"
ke/judgment/kesc/2024/41,30,18100,3423,21316,"y Assembly can continue unhindered. 12. Having considered the totality of the applications, responses and rival arguments by the parties, we now opineas follows: i. We are alive to the fact that, under the provisions of section 23A of the Supreme Court Act , this court has jurisdiction to issue an order for stay of execution, an injunction, stay of further proceedings or any other conservatory or interim orders, on such terms as the cou"
ke/judgment/kesc/2024/41,31,19008,3423,21316,"e determination of the question whether a serving County Assembly Speaker elected by members of that County Assembly at its first sitting after a general election can be removed from office contrary to the provisions of article 178(3) and legislation enacted pursuant thereto, in this case the provisions of section 21(5) of the Election Act as well as section 11 of the County Government Act. However, before we determine the arguability o"
ke/judgment/kesc/2024/41,32,19096,3423,21316,"bers of that County Assembly at its first sitting after a general election can be removed from office contrary to the provisions of article 178(3) and legislation enacted pursuant thereto, in this case the provisions of section 21(5) of the Election Act as well as section 11 of the County Government Act. However, before we determine the arguability of the petitioner’s appeal, the 1 st respondent has brought to the court’s attention a pe"
ke/judgment/kesc/2024/41,33,19141,3423,21316,"ting after a general election can be removed from office contrary to the provisions of article 178(3) and legislation enacted pursuant thereto, in this case the provisions of section 21(5) of the Election Act as well as section 11 of the County Government Act. However, before we determine the arguability of the petitioner’s appeal, the 1 st respondent has brought to the court’s attention a pertinent fact, through his application dated M"
ke/judgment/kesc/2024/41,34,21112,3423,21316,"ut by this court in Jasbir Singh Rai & 3 other v Tarlochan Singh Rai & 4 others , SC Petition No 4 of 2012; [2014] eKLR that costs follow the event. We exercise our discretion to order that each party shall bear its costs. 15. Accordingly, and for the reasons aforestated we make the following orders: i. The petitioner’s notice of motion dated March 18, 2024 and filed on even date be and is hereby dismissed; ii. The 1 st respondent’s not"
ke/judgment/keca/2013/401,0,2135,2135,34454,"trial court), and Joseph Boit , (first accused in the trial court), together with two others were in an information dated 9 th February, 2004 arraigned in the High Court at Eldoret with the offence of Murder contrary to Section 203 as read with Section 204 of the Penal Code . The particulars of the offence were that “On 30 th day of September, 2003 at Kabore Sub-location, Lolminingai Location in Nandi North District of the Rift Valley P"
ke/judgment/keca/2013/401,1,2160,2135,34454,"Boit , (first accused in the trial court), together with two others were in an information dated 9 th February, 2004 arraigned in the High Court at Eldoret with the offence of Murder contrary to Section 203 as read with Section 204 of the Penal Code . The particulars of the offence were that “On 30 th day of September, 2003 at Kabore Sub-location, Lolminingai Location in Nandi North District of the Rift Valley Province jointly with othe"
ke/judgment/keca/2013/401,2,2876,2135,34454,"er hearing eleven (11) prosecution witnesses with the aid of assessors and the prosecution closed its case, the matter was adjourned to 23 rd October, 2006 to enable one of the defence counsel to address the Court under Section 306 of the Criminal Procedure Code . That never happened as at one time the learned Judge was indisposed and at another time one of the learned counsel for the accused was also indisposed but on the main, because"
ke/judgment/keca/2013/401,3,4113,2135,34454,"was not to be. He passed on. The file thereafter was put before Ibrahim, J. All counsel asked the Court to proceed from where Kaburu Bauni, J. had stopped and the Court obliged and after complying with the Provisions of Section 201 as read with Section 200 of the Criminal Procedure Code , and also after complying with the Provisions of Section 306 of the Criminal Procedure Code , each accused gave an unsworn statement on 30 th March, 20"
ke/judgment/keca/2013/401,4,4138,2135,34454,"on. The file thereafter was put before Ibrahim, J. All counsel asked the Court to proceed from where Kaburu Bauni, J. had stopped and the Court obliged and after complying with the Provisions of Section 201 as read with Section 200 of the Criminal Procedure Code , and also after complying with the Provisions of Section 306 of the Criminal Procedure Code , each accused gave an unsworn statement on 30 th March, 2009, and the hearing was a"
ke/judgment/keca/2013/401,5,4231,2135,34454,"m where Kaburu Bauni, J. had stopped and the Court obliged and after complying with the Provisions of Section 201 as read with Section 200 of the Criminal Procedure Code , and also after complying with the Provisions of Section 306 of the Criminal Procedure Code , each accused gave an unsworn statement on 30 th March, 2009, and the hearing was adjourned to 16 th August, 2009 but on that day the accused persons raised preliminary points,"
ke/judgment/keca/2013/401,6,19877,2135,34454,or forensic examination and that no doctor testified. 4. That the learned judge erred in law by convicting me to suffer death without observing that there was no differences or grudge or bad blood between the two families. 5. That the learned trial judge erred in law by convicting and sentencing me on prosecution case without observing that this case was partly heard by the assessors who did not give their verdict.” Mr. Barasa the learn
ke/judgment/keca/2013/401,7,21945,2135,34454,"rough the evidence of Celestine , Wilfrida , and Isaac , which evidence established that the deceased was taken to second appellant's house and later was not seen alive again. He further submitted that the provisions of Section 111 of the Evidence Act, Chapter 80 Laws of Kenya, were applicable in this case and as the appellants were the last people seen with the deceased before his disappearance, they had to explain what happened to him"
ke/judgment/keca/2013/401,8,28271,2135,34454,"evidence. In our minds the facts of the case point to none other than the two appellants either alone or jointly with others as the people responsible for the death of the deceased. In any event, under the provisions of Section 111 of the Evidence Act (supra), they had to explain what happened to the deceased who was last seen with them and in their custody and who was being tortured by them from later afternoon of 30 th September, 2003"
ke/judgment/keca/2013/401,9,34230,2135,34454,"f a suspect, then even in the absence of a postmortem report, the court can still convict. We are certain such cases are very few and far between. This is not to absolve the investigation machineries from their work. In Article 768 of Section 9 of Halisbury's Laws of England (3 rd Edition) dealing with Criminal Law and Procedure, it is stated: “Where no body or part of a body has been found which is proved to be that of the person alleg"
ke/judgment/keca/2013/401,10,34245,2135,34454,"en even in the absence of a postmortem report, the court can still convict. We are certain such cases are very few and far between. This is not to absolve the investigation machineries from their work. In Article 768 of Section 9 of Halisbury's Laws of England (3 rd Edition) dealing with Criminal Law and Procedure, it is stated: “Where no body or part of a body has been found which is proved to be that of the person alleged to have been"
ke/judgment/keca/1977/5,0,2453,2453,2662,"1976, this Court set aside the ex parte judgment obtained by the defendants. From that moment the plaintiff ceased to be a judgment debtor. On 13th July 1976, the plaintiff applied by chamber summons, stated to be under section 3A of the Civil Procedure Act, for an order that “the prohibitory order made herein on 7th November 1975 be raised”. The judge in his “ruling” dated 6th October 1976 refused to set aside his order of 7 th Novembe"
ke/judgment/keca/2025/5,0,707,707,32592,"2014) Judgment 1. The appellant, William Otieno Obala, was the accused person in the trial before the High Court in Homa Bay High Court, Criminal Case No. 3 of 2014. He was charged with the offence of murder contrary to section 203 as read with 204 of the Penal Code. The particulars of the offence were that on 21 st April, 2012, at Koyolo Sub-location, Kotieno Location, Rangwe Division within Homa Bay County, William Otieno Obala, joint"
ke/judgment/keca/2025/5,1,2388,707,32592,"ients of murder as per the law. 6. The trial court erred in fact and in law when it disregarded the accused defence of alibi. 7. The sentence imposed on the appellant is manifestly harsh and excessive in the circumstances. 4. Consequently, the appellant prayed that the appeal be allowed and the judgment and sentence by the High Court be set aside and quashed, and he be set at liberty. 5. At the trial court, the prosecution called a tota"
ke/judgment/keca/2025/5,2,2686,707,32592,"dgment and sentence by the High Court be set aside and quashed, and he be set at liberty. 5. At the trial court, the prosecution called a total of six (6) witnesses. The evidence that emerged from the trial was as follows. 6. Margret Auma Uro, the deceased’s daughter, testified as PW4. She told the court that she went to Gem on 21 st April, 2012, to see her mother, the deceased. She arrived at about 6.00pm. The deceased gave her chicken"
ke/judgment/keca/2025/5,3,6573,707,32592,"the deceased was about 101 years old. Later on 14 th April, 2012, the deceased went to see him and told him that she had been threatened by three people, although she did not mention their names. He gave the deceased Kshs. 300.00/= to take a motorcycle to Rangwe and report the matter; but said that he did not know whether she actually went and reported the said matter. 11. Thereafter, on the material night, he was woken up by PW4 who wa"
ke/judgment/keca/2025/5,4,7649,707,32592," 12. Afterwards, PW5 identified the body of the deceased before the postmortem examination was done. He said that the deceased had panga cuts on the head, arms and the back, with at least 9 panga cuts on the head and arms. 13. Richard Otieno Olang, a grandson to the deceased testified as PW2. He also identified the body of the deceased before the postmortem examination was done. He said the deceased had multiple injuries on the forehead"
ke/judgment/keca/2025/5,5,8099,707,32592,"uth, hands, mouth and other parts of the body. He also told the court that the deceased and the appellant had a land boundary dispute which was resolved by the Lands Department; and the appellant was warned not to trespass. 14. Dr. Francis Ochieng was PW3. He testified on behalf of Dr. Ojwang’ who conducted the postmortem on the deceased, but had died by the time the trial was ongoing. Dr. Ojwang’ observed that the deceased body had 8 m"
ke/judgment/keca/2025/5,6,10186,707,32592,"s house had been destroyed and there was no one at the home, as his wife had fled. At the deceased’s home, they found several mourners who they interrogated and asked some to go to the police station and record statements. 17. PW6 told the court that there was nothing remarkable at the scene of crime as four days had lapsed since the incident happened; and the scene had been disturbed. He also did not recover the murder weapon. Thereaft"
ke/judgment/keca/2025/5,7,16810,707,32592,"tence meted out was unreasonable and unconstitutional. 30. On the first issue, Mr. Okoth submitted that the prosecution proved their case beyond reasonable doubt and established malice aforethought as provided for under section 206(a), (b) and (c) of the Penal Code. In this regard, he argued that the doctor established that the cause of the deceased death was a head injury which was consistent with the nature of attack described by the "
ke/judgment/keca/2025/5,8,18393,707,32592,"Mwangi vs. Republic, Criminal Appeal No. 73 of 1993, wherein it was held that discrepancies are bound to be in any trial. However, in considering those discrepancies, the appellate court must be guided by the wording of section 382 of the Criminal Procedure Code viz whether the discrepancies are so fundamental as to cause prejudice to the appellant or are inconsequential to the conviction and sentence. Based on this authority, counsel c"
ke/judgment/keca/2025/5,9,20956,707,32592,"dence that was before the High Court, the contending oral and written submissions made before us, and the law. The appellant is aggrieved by the judgment of the High Court in which he was convicted of murder contrary to section 203 as read with section 204 of the Penal Code. The question that we must determine is whether the ingredients of the offence of murder were established. 36. The ingredients of murder were identified by this Cour"
ke/judgment/keca/2025/5,10,20981,707,32592," High Court, the contending oral and written submissions made before us, and the law. The appellant is aggrieved by the judgment of the High Court in which he was convicted of murder contrary to section 203 as read with section 204 of the Penal Code. The question that we must determine is whether the ingredients of the offence of murder were established. 36. The ingredients of murder were identified by this Court in Anthony Ndegwa Ngari"
ke/judgment/keca/2025/5,11,22914,707,32592,"llant: PW2; PW4 and PW5. PW5 testified that the deceased had told him that she had received some threats and had encouraged her to report to the police, although he was unsure if the deceased had actually made the reports. 41. The prosecution case was pivoted on direct eye witness account of PW4, the deceased’s daughter, and a dying declaration made to PW1, a village elder and a relative to the deceased. The testimony of PW4 was straigh"
ke/judgment/keca/2025/5,12,30815,707,32592,"ffirm it. 52. Turning to the appeal against sentence, we take cognizance of the Supreme Court decision in Francis Karioko Muruatetu & Another vs. Republic [2017] eKLR (supra), in which the mandatory death sentence under section 204 of the Penal Code was declared unconstitutional. The sentence in this case was imposed before this landmark decision. It follows that at the time the learned Judge imposed the death sentence on the appellant,"
ke/judgment/keca/2025/5,13,32383,707,32592,"s place, we substitute a sentence of thirty (30) years imprisonment. The record shows that the appellant was arraigned in court on 27 th January, 2014, and has since been in police custody. Therefore, in compliance with section 333(2) of the Criminal Procedure Code, we direct that the imprisonment period shall be computed to begin on that date. 55. Orders accordingly. DATED AND DELIVERED AT KISUMU THIS 10 TH DAY OF JANUARY, 2025. HANNAH"
ke/judgment/keca/1997/186,0,1986,1986,2189,"ted or set aside"". We agree. That being the correct position, the application was to set aside the consent order. Such an application doe snot lie under any provisions of the Civil Procedure Rules and in accordance with S.75 of the Civil Procedure Act leave to appeal is required from the order for such an application. If, as is cited at the head of the Chamber Summons, S 3A of the Civil Procedure Act applied then also leave is required."
ke/judgment/keca/2001/134,-1,,0,0,(no candidates)
ke/judgment/keca/2015/768,0,674,674,8905,"October, 2010 in HCR. No. 3143 of 2006 & HCCR. 414 of 2009) **************** JUDGMENT OF THE COURT This is a second appeal. The appellants’ first appeal to the High Court on a charge of robbery with violence contrary to Section 296 (2) of the Penal Code was rejected and the death sentence that had been imposed on each of them confirmed. The brief facts of the case before the trial court were that on 18 th July, 2006 at Captain Trading C"
ke/judgment/keca/2015/768,1,1091,674,8905,"06 at Captain Trading Centre in Nyandarua District, Central Province, the appellants, jointly with others not before court, and while armed with crude weapons namely, iron bars, robbed Bernard Nderitu Muringe of cash Kshs.1,800/= and a mobile phone make Motorolla C113A valued at Kshs.2,500/= and at or immediately before or immediately after the time of such robbery used actual violence to the said Bernard Nderitu Muringe . On the same d"
ke/judgment/keca/2015/768,2,1154,674,8905,"vince, the appellants, jointly with others not before court, and while armed with crude weapons namely, iron bars, robbed Bernard Nderitu Muringe of cash Kshs.1,800/= and a mobile phone make Motorolla C113A valued at Kshs.2,500/= and at or immediately before or immediately after the time of such robbery used actual violence to the said Bernard Nderitu Muringe . On the same day and in similar circumstances the appellants were also allege"
ke/judgment/keca/2015/768,3,1419,674,8905,"ediately after the time of such robbery used actual violence to the said Bernard Nderitu Muringe . On the same day and in similar circumstances the appellants were also alleged to have robbed Antony Mwangi Kariuki of Kshs.150/=. Bernard Nderitu Muringe, PW1 , was the driver of a lorry registration number KZE 804 and his turn boy was Antony Mwangi Kariuki, PW2 . On the material day, PW1 and PW2 loaded sand onto the lorry sand which they "
ke/judgment/keca/2015/768,4,2692,674,8905," the others were in suits. The person who was dressed like a police officer also carried something that appeared to be a gun. PW1 and PW2 were forced to lie down and were tied separately with ropes. PW1 was robbed of Kshs.1,800/= and a Motorola cell phone C113A. PW2 was robbed of Kshs.150/=. After the robbers left PW1 managed to untie himself and rush to a nearby road block which was manned by Administration Police officers and reported"
ke/judgment/keca/2015/768,5,2756,674,8905,"ice officer also carried something that appeared to be a gun. PW1 and PW2 were forced to lie down and were tied separately with ropes. PW1 was robbed of Kshs.1,800/= and a Motorola cell phone C113A. PW2 was robbed of Kshs.150/=. After the robbers left PW1 managed to untie himself and rush to a nearby road block which was manned by Administration Police officers and reported the incident. The Administration Police telephoned Ol Kalau Pol"
ke/judgment/keca/2015/768,6,8702,674,8905,"e following day at about 6.30 a.m. he fuelled the vehicle at a local petrol station ready to start his journey back to Nairobi. In support of that contention he produced a receipt for purchase of petrol in the sum of Kshs.2,900/=. When the 1 st appellant reached an area known as Karuga he was stopped by a police officer who enquired as to why the vehicle was muddy. The policeman also asked for proof of ownership of the motor vehicle and"
ke/judgment/keca/2000/141,0,601,601,1539,".C.CR.A. NO. 72 OF 1998) ******************** JUDGMENT OF THE COURT JONAS AKUNO O'KUBASU , the appellant herein, was convicted in the Senior Principal Magistrate's court, Kakamega, on one count of corruption contrary to Section 3 (1) of the Prevention of Corruption Act, Cap 65 , and sentenced to serve two years imprisonment. His appeal to the superior court (Tanui, J.) was dismissed on 2 July 1998. He appeals to this Court against the w"
ke/judgment/keca/2000/141,1,990,601,1539,"2 July 1998. He appeals to this Court against the whole of that decision. The appellant was employed in the Public Service as a Locational Chief. He was charged that he corruptly received from Patrick Otende Masheka K.Shs.1,000/= in order to assist him in a disputed piece of land plot No. 412 Luanda Township - a matter in which the public body was concerned. We assume that the public body in this case was the Government of Kenya. In sup"
ke/judgment/keca/2000/141,2,1336,601,1539,"was concerned. We assume that the public body in this case was the Government of Kenya. In support of its case, the prosecution called six witnesses whose evidence the trial court accepted, namely, that he was given K.Shs.1,000/= which he accepted to assist in a disputed piece of land. On behalf of the defence the appellant gave an unsworn statement and called three witnesses. The first appellate court dealt with the evidence with care "
ke/judgment/keca/2023/1126,0,7221,7221,8380,"11. Considering a similar application in Gerald Kithu Muchanje vs Catherine Muthoni Ngare & another [2020] eKLR, Asike Makhandia JA also held that: “ The applicant was aggrieved by the judgment of the trial court. Under section 80 of the Civil Procedure Act and order 45 of the Civil Procedure Rules, where a party opts to apply for review of a judgment and decree, such a party cannot after the review application is rejected exercise the "
ke/judgment/keca/2023/1126,1,8171,7221,8380,"s of trial and error. An appeal could only lie on the outcome of the application for review. In the case of Martha Wambui v Irene Wanjiru Mwangi & another (2015) eKLR, the court stated that “From the above provisions of section 80 of the Civil Procedure Act and order 45 of the Civil Procedure rules, it is clear that one cannot exercise the right of appeal and at the same time apply for review of the same Judgment/decree or order. One mu"
ke/judgment/keca/1981/1,0,5225,5225,37651," in the National Assembly of a member thereof has become vacant.” I think it is common ground that this Court only has such jurisdiction as is expressly conferred on it by statute, and that the jurisdiction conferred by Section 44 of the Constitution on the High Court to hear and determine Election Petition is a “special jurisdiction” within the meaning of Section 3 of the Civil Procedure Act (Cap 21), and an “other jurisdiction” within"
ke/judgment/keca/1981/1,1,5364,5225,37651," is expressly conferred on it by statute, and that the jurisdiction conferred by Section 44 of the Constitution on the High Court to hear and determine Election Petition is a “special jurisdiction” within the meaning of Section 3 of the Civil Procedure Act (Cap 21), and an “other jurisdiction” within the meaning of Section 60(1) of the Constitution. It is accordingly necessary to look for the statutory authority enabling this court to e"
ke/judgment/keca/1981/1,2,5461,5225,37651,"e Constitution on the High Court to hear and determine Election Petition is a “special jurisdiction” within the meaning of Section 3 of the Civil Procedure Act (Cap 21), and an “other jurisdiction” within the meaning of Section 60(1) of the Constitution. It is accordingly necessary to look for the statutory authority enabling this court to entertain this appeal. I agree with Mr Deverell that such authority cannot be inferred from the fa"
ke/judgment/keca/1981/1,3,5689,5225,37651,"60(1) of the Constitution. It is accordingly necessary to look for the statutory authority enabling this court to entertain this appeal. I agree with Mr Deverell that such authority cannot be inferred from the fact that Section 44(5) of the Constitution precludes an appeal from the determination of the questions whether a person has been validly elected, or whether a seat has become vacant, but does not specifically preclude appeals fro"
ke/judgment/keca/1981/1,4,6699,5225,37651,"to entertain an appeal from an interlocutory order of the High Court, sitting as an Election Court, which did not determine the validity of the election, the statutory authority for this assumption of jurisdiction being Section 66 of the Civil Procedure Act which provides that an appeal shall lie from the decree and any part of decree and from the orders of the High Court to the Court of Appeal. That proposition was concurred in by the "
ke/judgment/keca/1981/1,5,8769,5225,37651,"turned, or whether the election was void, is final and not subject to appeal. Nevertheless, it was held that a right of appeal lay to the Federal Court (the Malaysian Court of Appeal) upon an interlocutory matter, under Section 67 of the Malaysian Courts of Judicature Act, 1964, which, like Section 66 of the Civil Procedure Act (Cap 21), confers upon the Court of Appeal Jurisdiction to hear and determine appeals from any judgment or ord"
ke/judgment/keca/1981/1,6,8841,5225,37651,"peal. Nevertheless, it was held that a right of appeal lay to the Federal Court (the Malaysian Court of Appeal) upon an interlocutory matter, under Section 67 of the Malaysian Courts of Judicature Act, 1964, which, like Section 66 of the Civil Procedure Act (Cap 21), confers upon the Court of Appeal Jurisdiction to hear and determine appeals from any judgment or order of the High Court. With respect, I do not agree with the argument put"
ke/judgment/keca/1981/1,7,10132,5225,37651,"for such a state of affairs was to be found in the cases of Harmon v Park [1880] 6 QBD 323 and Monkswell v Thompson [1898] IQB 353. I do not dispute the authority of the decision in Njeru’s case insofar as it relates to Section 84 of the Constitution, with which that appeal was solely concerned. The special jurisdiction created by that section is of a criminal nature, and no question of interlocutory proceedings arises thereunder. I res"
ke/judgment/keca/1981/1,8,11108,5225,37651,"ing out by the High Court of the particulars supplied by the appellant under paragraph 10, which is set out earlier in this judgment. No rules governing the practice and procedure of Election Courts have been made under Section 23 of the National Assembly and presidential Elections Act (Cap 7), and I have no doubt that it was right in these circumstances to make use of Order VI Civil Procedure Rules in this case, because the special jur"
ke/judgment/keca/1981/1,9,11349,5225,37651,"ional Assembly and presidential Elections Act (Cap 7), and I have no doubt that it was right in these circumstances to make use of Order VI Civil Procedure Rules in this case, because the special jurisdiction created by Section 44 of the Constitution is of a Civil nature, and in the absence of rules under Cap 7 dealing with the striking out of particulars, or of a paragraph in a petition, the High Court properly called in aid the Civil "
ke/judgment/keca/1981/1,10,16971,5225,37651," the particulars we invited to do by the cross-appeal. The last ground of appeal relates to the order for costs made on the appellant’s successful application for leave to appeal, which was resisted by both respondents. Section 27(1) of the Civil Procedure Act (Cap 21) confers on courts what appears to be a very wide discretion as to, by whom and to what extent costs are to be paid, but it is a discretion which must be exercised judicia"
ke/judgment/keca/1981/1,11,17258,5225,37651," what appears to be a very wide discretion as to, by whom and to what extent costs are to be paid, but it is a discretion which must be exercised judicially and on fixed principles, and with due regard to the proviso to Section 27(1), which reads — “Provided that the costs of any action, cause or other matter or issue shall follow the event unless the court or judge shall for good reason otherwise order.” The order made by the court bel"
ke/judgment/keca/1981/1,12,19676,5225,37651,"s taxed costs, to be paid equally by the two respondents, and certify for two advocates. The divergence of judicial opinion as to what, if any, right of appeal exists to this Court from decisions of the High Court under Section 44 of the Constitution, other than on the “questions” referred to in subsection (1) of that section, has given rise to a most unsatisfactory situation which could, and in my respectful opinion should, be remedied"
ke/judgment/keca/1981/1,13,19928,5225,37651,"other than on the “questions” referred to in subsection (1) of that section, has given rise to a most unsatisfactory situation which could, and in my respectful opinion should, be remedied by an appropriate amendment of Section 44. It should at the same time be made clear whether or not or to what extent a right of appeal exists against any determination by the High court made under Section 84(2) of the Constitution. As Potter JA agrees"
ke/judgment/keca/1981/1,14,20094,5225,37651,"on should, be remedied by an appropriate amendment of Section 44. It should at the same time be made clear whether or not or to what extent a right of appeal exists against any determination by the High court made under Section 84(2) of the Constitution. As Potter JA agrees, it is so ordered. Miller JA. This appeal is an off-shoot of an election petition from the last general elections of 1979. It is now mid-1981. Be it a retrograde ste"
ke/judgment/keca/1981/1,15,21384,5225,37651,"nsistency, be void.” The primary question, and one of law in this appeal, is whether or not this Court has jurisdiction to entertain an appeal emanating from orders of the High Court of Kenya exercising its powers under Section 44 of the Constitution which treats of the determining of questions as to membership of National Assembly. The provisions of section 44 are as follows: 44. (1) The High Court shall have jurisdiction to hear and d"
ke/judgment/keca/1981/1,16,21517,5225,37651,"an appeal emanating from orders of the High Court of Kenya exercising its powers under Section 44 of the Constitution which treats of the determining of questions as to membership of National Assembly. The provisions of section 44 are as follows: 44. (1) The High Court shall have jurisdiction to hear and determine any question whether — (a) any person has been validly elected as a member of the National Assembly, or (b) the seat in the "
ke/judgment/keca/1981/1,17,23059,5225,37651,"ination by the High Court of any question under this section shall not be subject to appeal I think it is correct to say that the answer to the question posed, must largely be found upon examination of the words of this Section 44 and with respect to its enactment. In Income Tax Commissioners v Pemsel [1891] AC 531 Lord Halsbury LC observed that “a court of law is bound to proceed upon the assumption that the legislature is an ideal per"
ke/judgment/keca/1981/1,18,23597,5225,37651,"le purpose of the Constitution dictates, that when Parliament enacted the Constitution amidst this country’s existing laws either to be preserved, altered, replaced or added thereto by the legislature, the provisions of Section 44 of the Constitution were the result of careful consideration; and as I see it, the obvious predominant intention, even if suggested to be bordering onto policy, was to ensure the speedy determination of electi"
ke/judgment/keca/1981/1,19,24481,5225,37651,"liest opportunity, be able to know and point to their settled representatives. In furtherance of this predominant intention of the legislature which I have gathered from the apparent purpose of the express provisions of Section 44, there was established the Election Petitions Court with prescribed jurisdiction. I turn to an examination of the relevant statutory provisions, the seat of contended conflict of views on the matter. With the "
ke/judgment/keca/1981/1,20,25616,5225,37651,", the language of the legislature in the statute or statutes upon which the question depends. In the instant case, the High Court was sitting as the Election Petitions Court by virtue of the jurisdiction as conferred by Section 44 of the Constitution; and the question has arisen as to whether or not an appeal lies to this Court from interlocutory orders of the Election Petitions Court. These orders were made when the Election Petitions "
ke/judgment/keca/1981/1,21,26412,5225,37651,"on Petition) Rules made under the National Assembly and Presidential Election Acts (Cap 7) and all enabling provisions of law. There can be no valid objection to this by reason of the interpretation of the provisions of Section 66, Civil Procedure Act (Cap 21) which confers on this Court an almost unlimited right to entertain appeals from the decrees, or part-decrees and orders of the High Court, in conjunction with Rule 31 of this Cour"
ke/judgment/keca/1981/1,22,27780,5225,37651,"sdiction must be conferred by statute and in Attorney-General v Sillem [1864] 10 HLC 704 Lord Westbury said “The creation of a new right of appeal is plainly an act which requires legislative authority,” and there is in Section 44 no express anticipated legislative direction as to appeals to any court from the Election Petitions Court qua the Election Petition court. As can be seen, section 44 of the Constitution confers the jurisdictio"
ke/judgment/keca/1981/1,23,27946,5225,37651,"hich requires legislative authority,” and there is in Section 44 no express anticipated legislative direction as to appeals to any court from the Election Petitions Court qua the Election Petition court. As can be seen, section 44 of the Constitution confers the jurisdiction upon the High Court in the determining of the questions in subsection (1) (a) and (b) of the section. To my mind, the whole section 44 is an enabling statutory prov"
ke/judgment/keca/1981/1,24,28126,5225,37651,"lection Petition court. As can be seen, section 44 of the Constitution confers the jurisdiction upon the High Court in the determining of the questions in subsection (1) (a) and (b) of the section. To my mind, the whole section 44 is an enabling statutory provision; and we must take the section as we find it. In Crawford v Spooner [1846] More PC 189 the Judicial Committee said: “We cannot aid the legislature’s defective phrasing of an A"
ke/judgment/keca/1981/1,25,28727,5225,37651,"n of a court of law which would have strictly forbidden implying a meaning to the provisions of the Section. I see the situation as one of the extension of the jurisdiction of the High Court for the specific purposes of Section 44; ie an extension of its jurisdiction conferred by Section 60(1) of the Constitution, prescribed as an unlimited original jurisdiction in civil and criminal matters and such “other jurisdiction and powers” (as "
ke/judgment/keca/1981/1,26,28788,5225,37651,"ing a meaning to the provisions of the Section. I see the situation as one of the extension of the jurisdiction of the High Court for the specific purposes of Section 44; ie an extension of its jurisdiction conferred by Section 60(1) of the Constitution, prescribed as an unlimited original jurisdiction in civil and criminal matters and such “other jurisdiction and powers” (as in this case) as may be conferred on it by the Constitution o"
ke/judgment/keca/1981/1,27,29188,5225,37651,"be conferred on it by the Constitution or any other law.” In simple terms these provisions direct that in respect of any other jurisdiction the High Court must look to the Constitution or any other law. Further to this, Section 3 Judicature Act (Cap 8), for purposes of this appeal, prescribes amongst its provisions, that the Court of Appeal and the High Court shall exercise their jurisdiction in conformity with the Constitution. In the "
ke/judgment/keca/1981/1,28,29489,5225,37651," its provisions, that the Court of Appeal and the High Court shall exercise their jurisdiction in conformity with the Constitution. In the exercise of this extended or special jurisdiction conferred on the High Court by Section 44, I find the phrase “hear and determine any question,” of great relevant significance to the present inquiry. The interlocutory order is a “determination of a question” rightly or wrongly and as of necessity ex"
ke/judgment/keca/1981/1,29,30359,5225,37651,"say that the obligation on the court to decide in accordance with the law is necessarily implied in the conferment of what I have termed the extended or special jurisdiction. Looking at the words and phrases employed in Section 44 which must be construed as a whole from its subject matter and entire text, it appears to me that the portion of the section from subsection (1) to (5) inclusive must clearly relate to the commencement up till"
ke/judgment/keca/1981/1,30,32948,5225,37651,"is in effect a division of the High court, there being no impediment to the right of appeal to this Court, then on the principle that the whole must include its part; and the right of appeal conferred upon this Court by Section 66 Civil Procedure Act (Cap 21), there is a right of appeal to this court in the matter. As in this case, it is inevitably a vital question of construction, whether the Court is called upon to construe the terms "
ke/judgment/keca/1981/1,31,33297,5225,37651,"y a vital question of construction, whether the Court is called upon to construe the terms of a section to decide whether powers are necessary to be implied in addition to those which are expressed. In the Constitution, Section 60(1) confers the general jurisdiction and powers on the High Court; and Section 44(1) must be seen as relating to certain special matters. When the general and special enactments are in any way repugnant to one "
ke/judgment/keca/1981/1,32,33378,5225,37651,"the terms of a section to decide whether powers are necessary to be implied in addition to those which are expressed. In the Constitution, Section 60(1) confers the general jurisdiction and powers on the High Court; and Section 44(1) must be seen as relating to certain special matters. When the general and special enactments are in any way repugnant to one another the rule to be applied has been laid down by Romily, MR in Pretty v Solly"
ke/judgment/keca/1981/1,33,34154,5225,37651,"se, would overrule the former, the particular enactment must be operative and the general enactment must be taken to affect only the other parts of the statute to which it may properly apply.” Following this rule, I see Section 60(1) as the general enactment and Section 44 as the particular enactment and, in addition to what I have already stated, I cannot but adopt this rule in the present inquiry; and what is more, as can be seen, sub"
ke/judgment/keca/1981/1,34,34197,5225,37651,"ar enactment must be operative and the general enactment must be taken to affect only the other parts of the statute to which it may properly apply.” Following this rule, I see Section 60(1) as the general enactment and Section 44 as the particular enactment and, in addition to what I have already stated, I cannot but adopt this rule in the present inquiry; and what is more, as can be seen, subsection (5) of Section 44 forbids an appeal"
ke/judgment/keca/1981/1,35,34389,5225,37651,"s the general enactment and Section 44 as the particular enactment and, in addition to what I have already stated, I cannot but adopt this rule in the present inquiry; and what is more, as can be seen, subsection (5) of Section 44 forbids an appeal from the determination of any question within the section which clearly must include the questions prescribed by subsections (1)(a) and 9(b) of the section. What then is to be done with subse"
ke/judgment/keca/1981/1,36,37095,5225,37651," one although, I hasten to add, I have not been in the slightest influenced by what I may have argued as an advocate in this court some 11 years ago. 1. A number of propositions can be safely described as common ground. Section 44 of the Constitution confers jurisdiction on the High Court to determine two questions as to the membership of the National assembly, and provides that the determination of those questions shall not be subject "
ke/judgment/keca/1981/1,37,37326,5225,37651,"of the Constitution confers jurisdiction on the High Court to determine two questions as to the membership of the National assembly, and provides that the determination of those questions shall not be subject to appeal. Section 10 of the Constitution applies Section 44 to Presidential elections, but that does not affect the issues before us. 2. Section 44 is however silent as to whether there is any appeal from the High Court sitting as"
ke/judgment/keca/1981/1,38,37365,5225,37651,"n on the High Court to determine two questions as to the membership of the National assembly, and provides that the determination of those questions shall not be subject to appeal. Section 10 of the Constitution applies Section 44 to Presidential elections, but that does not affect the issues before us. 2. Section 44 is however silent as to whether there is any appeal from the High Court sitting as an Election Court from any order which"
ke/judgment/keca/1981/1,39,37447,5225,37651,"l assembly, and provides that the determination of those questions shall not be subject to appeal. Section 10 of the Constitution applies Section 44 to Presidential elections, but that does not affect the issues before us. 2. Section 44 is however silent as to whether there is any appeal from the High Court sitting as an Election Court from any order which is not a determination “of any questions under this section”, that is to say a fi"
ke/judgment/keca/2023/884,0,2984,2984,29751,"nce with the Constitution , or the requisite election laws and regulations, as there were several breaches of the law, which fatally affected the integrity of the election, and the trial court was in error in its findings. 7. Before the appeal could be heard, interlocutory applications were raised, but directions were given at the pre-hearing conference that the applications and the main appeal be heard together. When the appeal came up"
ke/judgment/keca/2023/884,1,3521,2984,29751," is on record for the appellant. Senior Counsel Professor Tom Ojienda led Mr Omwanza, who is on record for the 1 st and 2 nd respondents, while Mr Mahat Somane and Mr Hassan Nura appeared for the 3 rd and 4 th respondents. 8. Mr Kilukumi, SC, on behalf of the appellant, informed this Court that the effect of the aforesaid directions meant that the applications would be subsumed in the main appeal. 9. Professor Ojienda, on behalf of the "
ke/judgment/keca/2023/884,2,7003,2984,29751,"s the present case, this Court excused all these missteps in the notice of appeal as mere inelegant mode of instituting an appeal, and breathed life into the appeal by invoking rule 5 of the Election Petition Rules, and Article 159 (2) of the Constitution to hold that no party would suffer prejudice if the appeal was heard on its own merits. The unspoken exhortation by learned counsel is that we should not be drawn into this approach as"
ke/judgment/keca/2023/884,3,9588,2984,29751,"f this, learned counsel invoked the provisions of rule 4(2) of the Court of Appeal (Election Petition) Rules, 2017, to argue the point that the Court ought to exercise its jurisdiction in a reasonable manner, as well as Article 159(2) (d) of the Constitution which frowns on sacrificing substantive justice at the altar of procedural missteps, and grant them a lifeline, by allowing for filing of a supplementary record of appeal to formall"
ke/judgment/keca/2023/884,4,12800,2984,29751,"tary record of appeal, on grounds that a notice of appeal is a primary document which cannot be filed through a supplementary record; and that there are decisions of this Court which deal with the question as to whether Article 159(2) (d) Is a panacea for every procedural lapse 21. The issue that we must first determine relates to our jurisdiction to determine the preliminary objection in light of the argument by the appellant’s counsel"
ke/judgment/keca/2023/884,5,20369,2984,29751,"election disputes, is what the statute lays down. In the trial of election petitions, court is put in a straight jacket.' 34. The respondents further argued that this Court has no jurisdiction to hear this appeal as per section 85A of the Elections Act as the notice of appeal intends to appeal against the whole of the judgment which means on both fact and law, contrary to aforesaid section. 35. The appellant’s counsel admitted that the "
ke/judgment/keca/2023/884,6,21015,2984,29751,"does not form part of the record of appeal before court. Counsel further stated that the notice of appeal before the Court is a proper one, and that the filing of the notice in the wrong court was an error and relied on Article 159(2) (d) to cure that defect, and asked this Court to allow him file a supplementary record so as to include the second notice of appeal dated March 10, 2023. In this regard, the appellant’s counsel relied on r"
ke/judgment/keca/2023/884,7,21442,2984,29751,l relied on rule 5 of the Election Petition Rules which provides that: ' 5. The effect of any failure to comply with these Rules shall be a matter for determination at the Court’s discretion subject to the provisions of Article 159 (2) (d) of the Constitution and the need to observe the time set by the Constitution or any other law. 36. Counsel also referred to Article 159(2) (d) of the Constitution as a cure for failure to file a notic
ke/judgment/keca/2023/884,8,21586,2984,29751,er for determination at the Court’s discretion subject to the provisions of Article 159 (2) (d) of the Constitution and the need to observe the time set by the Constitution or any other law. 36. Counsel also referred to Article 159(2) (d) of the Constitution as a cure for failure to file a notice of appeal – the provision being: ' (d) Justice shall be administered without undue regard to procedural technicalities;' 37. The jurisdiction 
ke/judgment/keca/2023/884,9,21857,2984,29751,"r failure to file a notice of appeal – the provision being: ' (d) Justice shall be administered without undue regard to procedural technicalities;' 37. The jurisdiction of this Court to hear election appeals is found in section 85A of the Elections Act which states: ' (1) An appeal from the High Court in an election petition concerning membership of National Assembly, Senate or the office of county governor shall lie to the court on mat"
ke/judgment/keca/2023/884,10,22274,2984,29751,"lie to the court on matters of law only.' 38. In the case of Gatirau Peter Munya vs Dickson Mwenda Kithinji & 2 Others [2014] eKLR the Supreme Court pronounced itself on what constitutes questions of law only as used in section 85A of the Elections Act vis-a-vis the jurisdiction of the court, captured at paragraph 81 of the court’s judgment. 39. In John Munuve Mati vs Returning Officer Mwingi North Constituency & 2 Others [2018] eKLR , "
ke/judgment/keca/2023/884,11,24036,2984,29751,"e is not in the format as provided for in rule 6(5). It is also clear to the Court that the purported notice is wanting as it seeks to challenge the whole of the judgment which is based on both facts and law contrary to section 85A of the Election Act. 42. However, there is the second notice of appeal dated March 10, 2023 which was filed in the Court of Appeal registry and paid for, it was referred to in the appellant’s application in t"
ke/judgment/keca/2023/884,12,25111,2984,29751,"d filing of a supplementary record of appeal would not offer any healing balm. 43. In interpreting the effect of non-compliance with rule 6 and the relief available under rule 5 of the Election Petition Rules, 2017, and Article 259 (2) (d) of the Constitution , the Supreme Court in Musa Cherutich Sirma v Independent Electoral and Boundaries Commission & 2 others [2019] eKLR emphasized the need for a court to carry out a balancing act in"
ke/judgment/keca/2023/884,13,25406,2984,29751,"ch Sirma v Independent Electoral and Boundaries Commission & 2 others [2019] eKLR emphasized the need for a court to carry out a balancing act in exercise of its discretion vis a vis the flexibility of the provisions of Article 159(2)(d) of the Constitution , and the need to observe timelines set by the Constitution or any other electoral law as well as the need to determine each case on its own merits, while taking into account the uni"
ke/judgment/keca/2023/884,14,26314,2984,29751,"being the position, it is our finding that there is no valid appeal before the Court as only a proper notice of appeal can trigger an appeal. 46. This Court notes that the appellant has taken refuge in the provisions of Article 159(2) (d) to cure the defective notice. Kiage, JA, being the dissenting voice in the Salat case (supra) stated: ' I am not in the least persuaded that Article 159 of the Constitution and the oxygen principles wh"
ke/judgment/keca/2023/884,15,26474,2984,29751,"es that the appellant has taken refuge in the provisions of Article 159(2) (d) to cure the defective notice. Kiage, JA, being the dissenting voice in the Salat case (supra) stated: ' I am not in the least persuaded that Article 159 of the Constitution and the oxygen principles which both command courts to seek to do substantial justice in an efficient, proportionate and cost effective manner and to eschew defeatist technicalities were e"
ke/judgment/keca/2023/884,16,28005,2984,29751,"ere the Supreme Court in acknowledging that parties and advocates may not have been aware of the Rules earlier on, noted that the Rules were no longer strange, and were within the public domain, stated as follows: ' 43] Article 159(2)(d) of the Constitution was also never meant to grant a Court jurisdiction denied by a Statute and we are therefore satisfied that in the specific circumstances of the matter before it, whatever our views r"
ke/judgment/keca/2023/884,17,29542,2984,29751,"h all the procedural requirements in the next election cycle, and there can be no rationale for indulgence. 48. Consequently, we find that the issue before us is not one of a procedural technicality that can be cured by Article 159 of the Constitution or rule 5 of the Election Petition Rules. We are in agreement with the respondents’ argument that the notice of appeal filed was a nullity as it purports to be a notice of appeal filed und"
ke/judgment/kehc/2022/10767,0,2981,2981,23541,"ontends that the failure of the 1 st respondent to investigate his complaint and to take necessary action to establish any corruption related activities is a breach of his constitutional rights. In the petition he cites Articles 22, 258, 165 (2), 10, 20, 21, 27, 46, 232 and 236 of the Constitution and urging that the public will continue to suffer loses of money seeks reliefs as follows:- “ a) A declaration compelling the 1 st responden"
ke/judgment/kehc/2022/10767,1,5289,2981,23541,ondent embarked on collection of evidence and that the investigations were on-going and once they are complete the 1 st respondent shall compile a report and send it to the Director of Public Prosecutions as provided in section 35 of the Anti-Corruption and Economic Crimes Act . 7. The deponent undertakes that the commission shall conduct thorough and objective investigations within the confines of its mandate and afford an opportunity 
ke/judgment/kehc/2022/10767,2,5693,2981,23541,s mandate and afford an opportunity to the petitioner and the 2 nd respondent to comment on the allegations before making its final decision. She urges this court not to grant the orders sought. 8. She states that under section 28 of the Ethics and Anti-Corruption Commission Act the 1 st respondent is not subject to the direction or control of any person or authority in the exercise of its mandate. 9. She also deposes that the petitione
ke/judgment/kehc/2022/10767,3,6323,2981,23541,"oner did not exhaust the available mechanisms regarding complaints pertaining to procurement by public entities; that such complaints ought to be made to the Public Procurement Administrative Review Board as provided in section 27 of the Public Procurement and Disposal of Assets Act ; that the claims made against him by the petitioner are vexatious, frivolous and unverified as they are based on allegations by third parties and further t"
ke/judgment/kehc/2022/10767,4,6600,2981,23541,"ts Act ; that the claims made against him by the petitioner are vexatious, frivolous and unverified as they are based on allegations by third parties and further that this court cannot adjudicate on unsubstantiated claims. 11. The 2 nd respondent deposes that his right to fair hearing guaranteed under article 50 of the Constitution to adduce and challenge evidence is likely to be infringed since the petition is premised on generalised c"
ke/judgment/kehc/2022/10767,5,6683,2981,23541,s and unverified as they are based on allegations by third parties and further that this court cannot adjudicate on unsubstantiated claims. 11. The 2 nd respondent deposes that his right to fair hearing guaranteed under article 50 of the Constitution to adduce and challenge evidence is likely to be infringed since the petition is premised on generalised claims which had no particulars or documentary evidence. 12. He also deposes that th
ke/judgment/kehc/2022/10767,6,6967,2981,23541,is likely to be infringed since the petition is premised on generalised claims which had no particulars or documentary evidence. 12. He also deposes that the 1 st respondent is an independent Constitutional office under article 79 of the Constitution which should not be directed on how to discharge its constitutional and statutory mandate and that its independences is spelt out in section 28 of the Ethics & Anti-Corruption Commission Ac
ke/judgment/kehc/2022/10767,7,7131,2981,23541,espondent is an independent Constitutional office under article 79 of the Constitution which should not be directed on how to discharge its constitutional and statutory mandate and that its independences is spelt out in section 28 of the Ethics & Anti-Corruption Commission Act . 13. Relying on the case of Towett Geoffrey and another v Thomas Kimeli Cheruiyot and 5 others; Public Service Commission and 2 others (Interested parties) [2020
ke/judgment/kehc/2022/10767,8,7675,2981,23541," or even this court in the manner of carrying out investigations. He contends that this petition is unconstitutional for being an affront to the independence of the 1 st respondent and it ought to be struck out with costs. 14. At paragraph 24 of the affidavit the 2 nd respondent confirms that the 1 st respondent wrote to his office on November 25, 2020 and requested for documents and information relating to various issues and that he pr"
ke/judgment/kehc/2022/10767,9,9040,2981,23541,itted that it is only just that this court intervenes. Counsel submitted that this court has jurisdiction to determine the petition. He relied on the case of East African Railway Corporation v Anthony Sefu [1973] EA and articles 159 and 165 (3) of the Constitution . Counsel argued that this court has power to grant orders where the 1 st respondent refuses to carry out its statutory obligations hence contravening the Constitution and the
ke/judgment/kehc/2022/10767,10,9343,2981,23541,ower to grant orders where the 1 st respondent refuses to carry out its statutory obligations hence contravening the Constitution and the Bill of rights. Counsel submitted that the power of the court to do so flows from article 23 (3) of the Constitution . As to whether the 2 nd respondent has contravened the Constitution and other relevant provisions of the law Counsel pointed out the several areas in which the 2 nd respondent has alle
ke/judgment/kehc/2022/10767,11,9789,2981,23541,"abused his office as :- “ a) He has not carried out his duties in accordance with the law and in so doing violated the right and freedoms of his staff, students and must community. He has thus violated the provisions of section 10 of the Public Officer Ethics Act and section 7 of the Leadership and integrity Act of 2012. b. He has betrayed the public trust bestowed upon him contrary to the provisions of section 8 of the Leadership and I"
ke/judgment/kehc/2022/10767,12,9837,2981,23541,"out his duties in accordance with the law and in so doing violated the right and freedoms of his staff, students and must community. He has thus violated the provisions of section 10 of the Public Officer Ethics Act and section 7 of the Leadership and integrity Act of 2012. b. He has betrayed the public trust bestowed upon him contrary to the provisions of section 8 of the Leadership and Integrity Act of 2012 which states that: “ A stat"
ke/judgment/kehc/2022/10767,13,9976,2981,23541, thus violated the provisions of section 10 of the Public Officer Ethics Act and section 7 of the Leadership and integrity Act of 2012. b. He has betrayed the public trust bestowed upon him contrary to the provisions of section 8 of the Leadership and Integrity Act of 2012 which states that: “ A state office is a positon of public trust and the authority and responsibility vested in a State Officer shall be exercised by the State office
ke/judgment/kehc/2022/10767,14,10459,2981,23541,"ya”. c. He has used his office improperly to enrich himself and his close family members and friends by awarding tenders to friends, misappropriating University and public funds all for his own benefit thus contravening section 11 of the Public Officer Ethics Act and section 12 and 15 of the Leadership and Integrity Act of 2012. d. He has in participating in tenders unlawfully and through corrupt actions contravened the provisions of se"
ke/judgment/kehc/2022/10767,15,10507,2981,23541,"ich himself and his close family members and friends by awarding tenders to friends, misappropriating University and public funds all for his own benefit thus contravening section 11 of the Public Officer Ethics Act and section 12 and 15 of the Leadership and Integrity Act of 2012. d. He has in participating in tenders unlawfully and through corrupt actions contravened the provisions of section 17 of the Leadership and Integrity Act of "
ke/judgment/kehc/2022/10767,16,10677,2981,23541,g section 11 of the Public Officer Ethics Act and section 12 and 15 of the Leadership and Integrity Act of 2012. d. He has in participating in tenders unlawfully and through corrupt actions contravened the provisions of section 17 of the Leadership and Integrity Act of 2012 which states that: “A State officer or a public officer shall not participate in a tender for the supply of goods or services to a public entity in which he or she i
ke/judgment/kehc/2022/10767,17,11345,2981,23541,ublic officer has a controlling shareholding in the company”. e. He has allowed his personal interests to conflict with his official duties thus affecting his performance as a state officer contrary to the provisions of section 12 of the Public Officer Ethics Act and section 16 of the Leadership and Integrity Act of 2012. f. He has allowed himself in the performance of his official duties to engage in political activities and to support
ke/judgment/kehc/2022/10767,18,11393,2981,23541,the company”. e. He has allowed his personal interests to conflict with his official duties thus affecting his performance as a state officer contrary to the provisions of section 12 of the Public Officer Ethics Act and section 16 of the Leadership and Integrity Act of 2012. f. He has allowed himself in the performance of his official duties to engage in political activities and to support his wife who is an election candidate thereby c
ke/judgment/kehc/2022/10767,19,11625,2981,23541,"f the Leadership and Integrity Act of 2012. f. He has allowed himself in the performance of his official duties to engage in political activities and to support his wife who is an election candidate thereby contravening section 16 of the Public Officer Ethics Act and section 23 of the Leadership and Integrity Act of 2012. g. He has in his actions in recruiting staff members portrayed favouritism, impartiality and discrimination by appoi"
ke/judgment/kehc/2022/10767,20,11673,2981,23541,"e has allowed himself in the performance of his official duties to engage in political activities and to support his wife who is an election candidate thereby contravening section 16 of the Public Officer Ethics Act and section 23 of the Leadership and Integrity Act of 2012. g. He has in his actions in recruiting staff members portrayed favouritism, impartiality and discrimination by appointing his close and unqualified friends and deny"
ke/judgment/kehc/2022/10767,21,11951,2981,23541," He has in his actions in recruiting staff members portrayed favouritism, impartiality and discrimination by appointing his close and unqualified friends and denying the qualified personnel the opportunities contrary to section 17 of the Public Officer Ethics Act and section of the Leadership and Integrity Act of 2012. h. He has in conducting his private affairs, acted in a way that undermines the confidence and integrity of his office "
ke/judgment/kehc/2022/10767,22,12183,2981,23541,"f the Public Officer Ethics Act and section of the Leadership and Integrity Act of 2012. h. He has in conducting his private affairs, acted in a way that undermines the confidence and integrity of his office contrary to section 20 of the Public Officer Ethics Ac and section 32 of the Leadership and Integrity Act of 2012. i. He has through his selfish acts of mismanaging and misappropriating university and research funds denied the stude"
ke/judgment/kehc/2022/10767,23,12230,2981,23541,"the Leadership and Integrity Act of 2012. h. He has in conducting his private affairs, acted in a way that undermines the confidence and integrity of his office contrary to section 20 of the Public Officer Ethics Ac and section 32 of the Leadership and Integrity Act of 2012. i. He has through his selfish acts of mismanaging and misappropriating university and research funds denied the students their fundamental right to education contra"
ke/judgment/kehc/2022/10767,24,12457,2981,23541," 32 of the Leadership and Integrity Act of 2012. i. He has through his selfish acts of mismanaging and misappropriating university and research funds denied the students their fundamental right to education contravening Articles 43, 55 and 56 of the Constitution . j. He has by denying the must staff members their rightful medical cover, violated, infringed and denied them and their families their right to health care services thus contr"
ke/judgment/kehc/2022/10767,25,12685,2981,23541," 43, 55 and 56 of the Constitution . j. He has by denying the must staff members their rightful medical cover, violated, infringed and denied them and their families their right to health care services thus contravening Articles 43 and 53 of the Constitution . k. He has through his actions breached the code as provided for in section 41 of the Leadership and Integrity Act of 2012 which states that:- “(1) Subject to sub section (2) a bre"
ke/judgment/kehc/2022/10767,26,12793,2981,23541,"r, violated, infringed and denied them and their families their right to health care services thus contravening Articles 43 and 53 of the Constitution . k. He has through his actions breached the code as provided for in section 41 of the Leadership and Integrity Act of 2012 which states that:- “(1) Subject to sub section (2) a breach of the Code amounts to misconduct for which the State officer may be subjected to disciplinary proceedin"
ke/judgment/kehc/2022/10767,27,15969,2981,23541,rs (su pra ). 19. Counsel further contended that moreover granting the order in the absence of any impropriety on the part of the 1 st respondent will be tantamount to fettering the 1 st respondent’s mandate contrary to section 28 of the Ethics and Anti-Corruption Commission Act which provides for the independence of the 1 st respondent. Counsel contended that in the past courts have been slow to interfere with the mandate of investigat
ke/judgment/kehc/2022/10767,28,16677,2981,23541,parte Monani and another [2012] eKLR . Counsel asserted that the 1 st respondent cannot be directed in the manner in which it should perform its constitutional and statutory mandate in the absence of impropriety on its part. 20. On whether an order barring the 2 nd respondent as prayed in the petition should issue counsel submitted that action can only be taken against the 2 nd respondent once investigations against him are concluded. C
ke/judgment/kehc/2022/10767,29,17733,2981,23541," the case of Republic v t he Commissioner of Lands and another ex parte Kithinji Murugu M’agerre , Nairobi H.C Misc. Application no. 395 of 2021. Counsel prayed that the petition be dismissed with costs to the respondents. 22. Learned Counsel for the 2 nd respondent reiterated the 2 nd respondents averment in the replying affidavit that this court has no jurisdiction to hear this matter. Counsel submitted that this court can only hear t"
ke/judgment/kehc/2022/10767,30,18606,2981,23541,"tory established to deal with all complaints of breach of duty by the procuring entity. By Reg. 89, it has power to engage an expert to assist in the proceedings in which it feels that it lacks the necessary experience. Section 98 of the Act confers very wide powers on the Review Board including annulling, anything done by the procurement entity and substituting its decision for that of the procuring entity that the administrative revie"
ke/judgment/kehc/2022/10767,31,19685,2981,23541,dent from performing his duties as the Vice Chancellor of Meru University of Science and Technology if investigations by the 1 st respondent establish that he has perpetrated corruption in the course of his investigations. 4. Whether an order should issue to compel the respondents to ensure that seamless transition in leadership in public agencies be a norm rather than an exception and that the same should form what is envisaged under t
ke/judgment/kehc/2022/10767,32,20879,2981,23541,"r 15, 2020 which the petitioner wrote to the 1 st respondent and which is the central issue in the petition levelled several allegations against the 2 nd respondent namely:- 1. Violation of procurement procedure/processes. 2. Conflict of interest 3. Irregular recruitment of staff 4. Unethical labour practices 5. Staff medical cover 6. Promotions 7. Unaccounted for Research funds 8. Unwarranted travel allowances 9. Covid 19 26. I would a"
ke/judgment/kehc/2022/10767,33,21288,2981,23541,ances 9. Covid 19 26. I would agree with Counsel for the respondent that in regard to procurement the petitioner’s first port of call should have been the Public Procurement Administrative Review Board established under section 27 of the Public Procurement and Disposal of Assets Act . Section 35 of the Public Procurement and Disposal of Assets Act clothes the Review Board with power to carry out investigations with respect to procuremen
ke/judgment/kehc/2022/10767,34,21354,2981,23541,t that in regard to procurement the petitioner’s first port of call should have been the Public Procurement Administrative Review Board established under section 27 of the Public Procurement and Disposal of Assets Act . Section 35 of the Public Procurement and Disposal of Assets Act clothes the Review Board with power to carry out investigations with respect to procurement or disposal of assets with respect to a state organ or public en
ke/judgment/kehc/2022/10767,35,21689,2981,23541,vestigations with respect to procurement or disposal of assets with respect to a state organ or public entity for the purpose of determining whether there has been a breach of the Act or Regulations made thereunder. Sub-Section 2 of the Section provides that the investigation may be initiated by the authority or on request in writing by a public institution or any other person so that even a person like the petitioner can made a complai
ke/judgment/kehc/2022/10767,36,21913,2981,23541,ion 2 of the Section provides that the investigation may be initiated by the authority or on request in writing by a public institution or any other person so that even a person like the petitioner can made a complaint. Section 38 of the Act sets out the powers of the Director General upon receipt of the report part of which entails preparing and submitting a summary of the investigator’s findings and recommendations to the relevant aut
ke/judgment/kehc/2022/10767,37,22157,2981,23541,ts out the powers of the Director General upon receipt of the report part of which entails preparing and submitting a summary of the investigator’s findings and recommendations to the relevant authorities for action and Section 38(2) gives the affected persons a right of hearing. The phrase “relevant authorities” is not defined in the Act but I hold the view that such an authority would include the police or the Ethics and Anti-Corrupti
ke/judgment/kehc/2022/10767,38,22974,2981,23541,"ers ex parte Rongo University [2018] eKLR . The petitioner therefore ought to have lodged his complaint for investigation to the Review Board for investigations before going to the 1 st respondent. 27. Be that as it may section 25 of the Anti-Corruption and Economic Crimes Act envisages that a complaint concerning corrupt conduct on the part of any person may also be made to the Commission, indeed the section requires the Commission to "
ke/judgment/kehc/2022/10767,39,23332,2981,23541,"may also be made to the Commission, indeed the section requires the Commission to inform the person if it declines to investigate or if it discontinues the investigations. The commission is required to do so in writing. Section 11 (1) (d) of the Ethics and Anti-corruption Commission Act enjoins the 1 st respondent to investigate and recommend to the Director of Public Prosecution the prosecution of acts of corruption under the Anti-Corr"
ke/judgment/kehc/2017/3102,0,16105,16105,38115,"th Article 165(5)(b) of the Constitution . Second, it was submitted that there is an error on the face of the record as this Court wrongly interpreted Article 178(2)(b) of the Constitution which was to be read alongside Articles 178(3) and 106(1)(a) of the Constitution , The First Schedule of the Elections Act and Standing Orders No. 5 and 6(6). It was the further submission of the first Applicant that Article 178(2)(b) of the Constitut"
ke/judgment/kehc/2017/3102,1,16291,16105,38115,"on which was to be read alongside Articles 178(3) and 106(1)(a) of the Constitution , The First Schedule of the Elections Act and Standing Orders No. 5 and 6(6). It was the further submission of the first Applicant that Article 178(2)(b) of the Constitution only applies after a substantive Speaker is elected and not otherwise. 24. Third, it was submitted that pursuant to Standing Order No. 3(5) the second Applicant could not discharge t"
ke/judgment/kehc/2017/3102,2,16654,16105,38115,"ursuant to Standing Order No. 3(5) the second Applicant could not discharge the duties of the Speaker but only the Speaker. Fourth, that there was no evidence of the alleged violence in the Chamber or at all in terms of Sections 62, 63,64 and 65 of the Evidence Act . Fifth, the Court was urged to consider the balance of convenience, public interest, the doctrine of necessity and the doctrine of substitution and find that the interim ord"
ke/judgment/kehc/2017/3102,3,17559,16105,38115,"its submissions. The first one is on the jurisdiction of this Court. It was submitted that since the matter before Court is a petition on the election of a Speaker who is an ex-offficio member of the Assembly by dint of Article 177 of the Constitution , then Section 75(1)(A), 75(4) and 80(3) as read with Section 2 of the Elections Act vests the jurisdiction to challenge the election of a Speaker on a magistrate and not the High Court. I"
ke/judgment/kehc/2017/3102,4,17598,16105,38115,"e jurisdiction of this Court. It was submitted that since the matter before Court is a petition on the election of a Speaker who is an ex-offficio member of the Assembly by dint of Article 177 of the Constitution , then Section 75(1)(A), 75(4) and 80(3) as read with Section 2 of the Elections Act vests the jurisdiction to challenge the election of a Speaker on a magistrate and not the High Court. In buttressing the foregone the second A"
ke/judgment/kehc/2017/3102,5,17645,16105,38115,"that since the matter before Court is a petition on the election of a Speaker who is an ex-offficio member of the Assembly by dint of Article 177 of the Constitution , then Section 75(1)(A), 75(4) and 80(3) as read with Section 2 of the Elections Act vests the jurisdiction to challenge the election of a Speaker on a magistrate and not the High Court. In buttressing the foregone the second Applicant referred to several judicial decisions"
ke/judgment/kehc/2017/3102,6,18326,16105,38115," Another (2015) eKLR, Sir Ali Bin Salim vs. Sharriff Mohammed Sharry (1938) KLR and that of Macharia & Another vs. Kenya Commercial Bank Ltd & 2 others (Supreme Court Civil Application No. 2 of 2011 (unreported). 26. On Article 178(2)(b) of the Constitution , the second Applicant argued that the same would only come to play once a duly elected Speaker was absent and not before. The second Applicant further took issue with the way the Pe"
ke/judgment/kehc/2017/3102,7,20146,16105,38115,f Income Tax Acts for the District of Kensington ex parte Princess Edmond De Pligac (1917) 1 KB 486 in support of that submission. 28. It was further submitted that the second Applicant was condemned unheard contrary to Article 50(1) of the Constitution as the orders granted were final in nature as they had no return date. The fourth point was on public interest. It was submitted that it is in the wider interest of the public to allow t
ke/judgment/kehc/2017/3102,8,21321,16105,38115,"ere is non-disclosure of material facts the Court is enjoined to look at all the facts and if it forms an opinion that the orders ought to issue notwithstanding the non-disclosure the Court should not discharge the orders. 30. On the argument that the orders affect the operations of the Assembly as well as the County Government of Migori, the Petitioner submitted that the view was misconceived in law. He referred to Article 178(2) of th"
ke/judgment/kehc/2017/3102,9,21521,16105,38115," discharge the orders. 30. On the argument that the orders affect the operations of the Assembly as well as the County Government of Migori, the Petitioner submitted that the view was misconceived in law. He referred to Article 178(2) of the Constitution , Section 9(4) of the County Government Act, 2012, Section 21 of the Elections Act and Standing Order No. 3(5) in demonstrating that the operations of the Assembly are not in any way ha"
ke/judgment/kehc/2017/3102,10,21558,16105,38115,"ument that the orders affect the operations of the Assembly as well as the County Government of Migori, the Petitioner submitted that the view was misconceived in law. He referred to Article 178(2) of the Constitution , Section 9(4) of the County Government Act, 2012, Section 21 of the Elections Act and Standing Order No. 3(5) in demonstrating that the operations of the Assembly are not in any way hampered by the absence of the Speaker."
ke/judgment/kehc/2017/3102,11,21607,16105,38115,"e Assembly as well as the County Government of Migori, the Petitioner submitted that the view was misconceived in law. He referred to Article 178(2) of the Constitution , Section 9(4) of the County Government Act, 2012, Section 21 of the Elections Act and Standing Order No. 3(5) in demonstrating that the operations of the Assembly are not in any way hampered by the absence of the Speaker. 31. On jurisdiction the Petitioner submitted tha"
ke/judgment/kehc/2017/3102,12,21895,16105,38115,"strating that the operations of the Assembly are not in any way hampered by the absence of the Speaker. 31. On jurisdiction the Petitioner submitted that the High Court is vested with unlimited jurisdiction by virtue of Article 165(3)(a) of the Constitution to deal with any matter before it. That, Section 75 of the Elections Act deals with the substantive matter but there exists a lacuna in the interim pending the designation of a Magis"
ke/judgment/kehc/2017/3102,13,21974,16105,38115," absence of the Speaker. 31. On jurisdiction the Petitioner submitted that the High Court is vested with unlimited jurisdiction by virtue of Article 165(3)(a) of the Constitution to deal with any matter before it. That, Section 75 of the Elections Act deals with the substantive matter but there exists a lacuna in the interim pending the designation of a Magistrate and that is where the High Court conveniently comes in handy. 32. The Pet"
ke/judgment/kehc/2017/3102,14,23146,16105,38115,nt’s Counsel in a brief response to the Petitioner’s submissions submitted that the first application was merited as it demonstrated clear and deliberate non-disclosure on the part of the Petitioner who also contravened Sections 62 to 65 of the Evidence Act . It was also submitted that no one was legally allowed to take over the functions of a Speaker and that in the absence of a Speaker the Assembly cannot operate normally. On the aspe
ke/judgment/kehc/2017/3102,15,23431,16105,38115,"t no one was legally allowed to take over the functions of a Speaker and that in the absence of a Speaker the Assembly cannot operate normally. On the aspect of the lacuna in law, the first Applicant submitted that when Article 165 of the Constitution as read with Article 162 (4) of the Constitution it comes out clearly that the High Court has no jurisdiction in this matter. He contended that Article 50(1) of the Constitution was floute"
ke/judgment/kehc/2017/3102,16,23476,16105,38115," functions of a Speaker and that in the absence of a Speaker the Assembly cannot operate normally. On the aspect of the lacuna in law, the first Applicant submitted that when Article 165 of the Constitution as read with Article 162 (4) of the Constitution it comes out clearly that the High Court has no jurisdiction in this matter. He contended that Article 50(1) of the Constitution was flouted as the first Applicant was yet to file any "
ke/judgment/kehc/2017/3102,17,23607,16105,38115,"aw, the first Applicant submitted that when Article 165 of the Constitution as read with Article 162 (4) of the Constitution it comes out clearly that the High Court has no jurisdiction in this matter. He contended that Article 50(1) of the Constitution was flouted as the first Applicant was yet to file any response in the matter. 34. Counsel for the second Applicant submitted that the Petitioner was duly represented by an agent during "
ke/judgment/kehc/2017/3102,18,24575,16105,38115,urt was also called to note that what is before Court does not seek to nullify the election of the Speaker and in any event the filing of a Petition does not amount to an automatic stay. The Court was urged to find that Article 177 of the Constitution is on the Speaker who is the head of the Assembly whereas the Speaker contemplated in Article 178(1) of the Constitution can only come in after the substantive Speaker has been elected. Re
ke/judgment/kehc/2017/3102,19,24693,16105,38115,"event the filing of a Petition does not amount to an automatic stay. The Court was urged to find that Article 177 of the Constitution is on the Speaker who is the head of the Assembly whereas the Speaker contemplated in Article 178(1) of the Constitution can only come in after the substantive Speaker has been elected. Resulting from that legal position, it was submitted that the operations of the Assembly now stand compromised. Counsel "
ke/judgment/kehc/2017/3102,20,29176,16105,38115,"s that it has jurisdiction over a matter it must not hesitate to discharge its duty accordingly. 40. The Speaker of a County Assembly is an institution which is variously provided for in the Constitution and other laws. Article 177 of the Constitution provides as follows: - ‘177. (1) A county assembly consists of (a) members elected by the registered voters of the wards, each ward constituting a single member constituency, on the same d"
ke/judgment/kehc/2017/3102,21,30077,16105,38115,"mplated in clause (1) (b) and (c) shall, in each case, be nominated by political parties in proportion to the seats received in that election in that county by each political party under paragraph (a) in accordance with Article 90. (3) The filing of special seats under clause (1) (b) shall be determined after declaration of elected members from each ward. (4) A county assembly is elected for a term of five years. 41. Article 178 of the "
ke/judgment/kehc/2017/3102,22,30271,16105,38115,ph (a) in accordance with Article 90. (3) The filing of special seats under clause (1) (b) shall be determined after declaration of elected members from each ward. (4) A county assembly is elected for a term of five years. 41. Article 178 of the Constitution further provides as follows: - ‘(1) Each county assembly shall have a speaker elected by the county assembly from among persons who are not members of the assembly. (2) A sitting of
ke/judgment/kehc/2017/3102,23,30278,16105,38115,in accordance with Article 90. (3) The filing of special seats under clause (1) (b) shall be determined after declaration of elected members from each ward. (4) A county assembly is elected for a term of five years. 41. Article 178 of the Constitution further provides as follows: - ‘(1) Each county assembly shall have a speaker elected by the county assembly from among persons who are not members of the assembly. (2) A sitting of the co
ke/judgment/kehc/2017/3102,24,30791,16105,38115,"; or (b) in the absence of the speaker, another member of the assembly elected by the assembly. (3) Parliament shall enact legislation providing for the election and removal from office of speaker of the county assemblies. 42. The legislation contemplated under Article 178 (3) of the Constitution are the now County Governments Act No. 17 of 2012 (hereinafter referred to as ‘the CGA’) and the Elections Act (hereinafter referred to as ‘th"
ke/judgment/kehc/2017/3102,25,30833,16105,38115,"other member of the assembly elected by the assembly. (3) Parliament shall enact legislation providing for the election and removal from office of speaker of the county assemblies. 42. The legislation contemplated under Article 178 (3) of the Constitution are the now County Governments Act No. 17 of 2012 (hereinafter referred to as ‘the CGA’) and the Elections Act (hereinafter referred to as ‘the Act’). Under Section 2 of the CGA, a Spe"
ke/judgment/kehc/2017/3102,26,31026,16105,38115,"slation contemplated under Article 178 (3) of the Constitution are the now County Governments Act No. 17 of 2012 (hereinafter referred to as ‘the CGA’) and the Elections Act (hereinafter referred to as ‘the Act’). Under Section 2 of the CGA, a Speaker is defined as: - ‘the speaker of a county assembly elected under Article 178 of the Constitution .’ 43. The Standing Order2(c) likewise provides that: - ‘(c) ‘reference to the Speaker incl"
ke/judgment/kehc/2017/3102,27,31123,16105,38115," No. 17 of 2012 (hereinafter referred to as ‘the CGA’) and the Elections Act (hereinafter referred to as ‘the Act’). Under Section 2 of the CGA, a Speaker is defined as: - ‘the speaker of a county assembly elected under Article 178 of the Constitution .’ 43. The Standing Order2(c) likewise provides that: - ‘(c) ‘reference to the Speaker includes THE DEPUTY SPEAKER OR any other Member when presiding over the County Assembly pursuant to A"
ke/judgment/kehc/2017/3102,28,31342,16105,38115, Article 178 of the Constitution .’ 43. The Standing Order2(c) likewise provides that: - ‘(c) ‘reference to the Speaker includes THE DEPUTY SPEAKER OR any other Member when presiding over the County Assembly pursuant to Article 178(2) of the Constitution .’ 44. According to the Constitution the Speaker of any County Assembly is an ex officio member of that Assembly. Since the Constitution clearly used the word ‘ex officio’ before the Sp
ke/judgment/kehc/2017/3102,29,31885,16105,38115,"r the Speaker, as an ex officio member of the Assembly, stands on the same footing as the other Members of the Assembly to regard any challenge into the election of the Speaker as an election petition contemplated under Section 75(1A) of the Act which section provides that: - ‘A question as to the validity of the election of a member of county assembly shall be heard and determined by the Resident’s Magistrate’s Court designated by the "
ke/judgment/kehc/2017/3102,30,32241,16105,38115,hall be heard and determined by the Resident’s Magistrate’s Court designated by the Chief Justice.’ 45. In answer to the above I will consider the following aspects: - (i) How the Speaker joins the Assembly: - 46. Under Article 178 (1) of the Constitution the Speaker is elected from persons who qualify to be but are not members of the Assembly. It is only after that election into the Assembly that the Speaker assumes the ex officio memb
ke/judgment/kehc/2017/3102,31,32694,16105,38115,comes the head of that legislative arm of the County Government. Unlike the other members of the Assembly the election of the Speaker is not subjected to the rigorous election processes based on universal suffrage under Article 38 of the Constitution . It is therefore an election sui generis. The election is instead governed by an internal process in the Assembly whose procedure is provided for under Section 21 of the Act and the First 
ke/judgment/kehc/2017/3102,32,32878,16105,38115,s based on universal suffrage under Article 38 of the Constitution . It is therefore an election sui generis. The election is instead governed by an internal process in the Assembly whose procedure is provided for under Section 21 of the Act and the First Schedule thereto together with the Standing Orders. The process however must be in line with Article 196 of the Constitution which calls for inter alia public participation in the affa
ke/judgment/kehc/2017/3102,33,33007,16105,38115,tead governed by an internal process in the Assembly whose procedure is provided for under Section 21 of the Act and the First Schedule thereto together with the Standing Orders. The process however must be in line with Article 196 of the Constitution which calls for inter alia public participation in the affairs of the Assembly. For clarity purposes Section 21(1) and (2) of the Act provides as follows: - (1) The Speaker of a county ass
ke/judgment/kehc/2017/3102,34,33140,16105,38115,"le thereto together with the Standing Orders. The process however must be in line with Article 196 of the Constitution which calls for inter alia public participation in the affairs of the Assembly. For clarity purposes Section 21(1) and (2) of the Act provides as follows: - (1) The Speaker of a county assembly shall be elected by each county assembly in accordance with the Standing Orders of the county assembly, from among persons who "
ke/judgment/kehc/2017/3102,35,34767,16105,38115," Office of the Speaker. 48. The converse however is a must for not only the Members of the Assembly elected in a General election but for all persons taking part in a General election or a by-election and at all levels. Section 39(1), (1A) and (1B) of the Act and provides as follows: - ’39. (1) The Commission shall determine, declare and publish the results of an election immediately after close of polling. (1A) The Commission shall app"
ke/judgment/kehc/2017/3102,36,36865,16105,38115,eaker does not call for a declaration but only the tallying of the votes and the announcement of the winner of that election. (ii) The removal of the Speaker: - 51. There is reference to the removal of the Speaker under Article 178(3) of the Constitution . As I have already stated above Parliament enacted the Act and CGA in respect to the election and the removal of the Speakers of County Assemblies. Section 11 of the CGA provides for t
ke/judgment/kehc/2017/3102,37,37049,16105,38115,to the removal of the Speaker under Article 178(3) of the Constitution . As I have already stated above Parliament enacted the Act and CGA in respect to the election and the removal of the Speakers of County Assemblies. Section 11 of the CGA provides for the removal of the Speaker in the following terms: - ‘(1) A Speaker of a county assembly may be removed from office by the county assembly through a resolution supported by not less tha
ke/judgment/kehc/2017/3102,38,37708,16105,38115,"ed by at least one third of all members of the county assembly stating the grounds for removal. (3) A motion for a resolution to remove the speaker shall be presided over by a member of the county assembly elected under section 9 (4). (4) Before the debate and voting on a motion under subsection (3), the speaker shall be accorded an opportunity to respond to the allegations on the floor of the county assembly. 52. Section 21(5) of the A"
ke/judgment/kehc/2017/3102,39,37906,16105,38115,"ssembly elected under section 9 (4). (4) Before the debate and voting on a motion under subsection (3), the speaker shall be accorded an opportunity to respond to the allegations on the floor of the county assembly. 52. Section 21(5) of the Act has the following provisions on how the office of the Speaker becomes vacant: - “ (a) when a new county assembly first meets after an election; (b) if the office holder vacates office (c) if the "
ke/judgment/kehc/2023/21431,0,104587,104587,149730,etermination on whether or not to allow the addition of such applicants at the appeal level. Many a times parties have to file submissions. The court has to be guided by settled legal principles in determining such issues. 165. In the of Lucy Nungari Ngigi & 128 others v National Bank of Kenya Limited & another [2015] eKLR. A large number of 128 people had applied for the leave of the court to be joined as plaintiffs in this suit. Their
ke/judgment/kehc/2023/21431,1,104974,104587,149730," court to be joined as plaintiffs in this suit. Their application is a Motion dated 19th January 2015 which is expressed to be made under Order 9 Rule 8(3), Order 8 Rule 3 and Order 51 Rule of the Civil Procedure Rules, Section 1A, 1B and 3A of the Civil Procedure Act , Articles 48 and 159 of the Constitution of Kenya, 2010. The application also seeks for leave to amend the Plaint as is necessary after the joinder. Joinder of parties is"
ke/judgment/kehc/2023/21431,2,105025,104587,149730,"ir application is a Motion dated 19th January 2015 which is expressed to be made under Order 9 Rule 8(3), Order 8 Rule 3 and Order 51 Rule of the Civil Procedure Rules, Section 1A, 1B and 3A of the Civil Procedure Act , Articles 48 and 159 of the Constitution of Kenya, 2010. The application also seeks for leave to amend the Plaint as is necessary after the joinder. Joinder of parties is governed by Order 1 of the Civil Procedure Rules. "
ke/judgment/kehc/2023/21431,3,110947,104587,149730,". 177. It is clear from Page 13 of the judgment, that during cross-examination by Mr. Aloo for the for respondent, Mr. Oketch stated that, 1. the genesis of the matter was the report of International Actuarial Consultants. 2. He does do not work for International Consultants. 3. He has seen pages 26, 36, 37 and 38 of the International Kanarial Consultants report. 4 He was not aware of the free in the books of notational Actuarial Consul"
ke/judgment/kehc/2023/21431,4,111001,104587,149730,"during cross-examination by Mr. Aloo for the for respondent, Mr. Oketch stated that, 1. the genesis of the matter was the report of International Actuarial Consultants. 2. He does do not work for International Consultants. 3. He has seen pages 26, 36, 37 and 38 of the International Kanarial Consultants report. 4 He was not aware of the free in the books of notational Actuarial Consultants 5. He did not know the International Actuarial c"
ke/judgment/kehc/2023/21431,5,111262,104587,149730," of the International Kanarial Consultants report. 4 He was not aware of the free in the books of notational Actuarial Consultants 5. He did not know the International Actuarial consultants were involved. He stated that Section 10(a) of Retirement Benefits Act requires that everyone follows the scheme rules and regulations. 178. Page 5 to 19 sets out the details, the steps and procedure followed during the examination of the witnesses. "
ke/judgment/kehc/2023/21431,6,111365,104587,149730,"ional Actuarial Consultants 5. He did not know the International Actuarial consultants were involved. He stated that Section 10(a) of Retirement Benefits Act requires that everyone follows the scheme rules and regulations. 178. Page 5 to 19 sets out the details, the steps and procedure followed during the examination of the witnesses. I am satisfied that the foregoing created an opportunity in law for the Applicant to challenge the evid"
ke/judgment/kehc/2023/21431,7,112188,104587,149730," in the Appeal following the rules of Natural Justice and fairness, coming to a decision of allowing the appeal on the 13 th February, 2017. 181. It argues that the Applicant was accorded a fair trial in accordance with Article 50 of the Constitution thereby ruling out the aspect of unfairness as per grounds for a judicial review. The 1 st Respondent had jurisdiction to determine the matter as per Section 48 of the Retirement Benefits A"
ke/judgment/kehc/2023/21431,8,112369,104587,149730,"corded a fair trial in accordance with Article 50 of the Constitution thereby ruling out the aspect of unfairness as per grounds for a judicial review. The 1 st Respondent had jurisdiction to determine the matter as per Section 48 of the Retirement Benefits Act . With regards to the illegality aspect, they contend that the 1 st Respondent decided the matter in accordance with the Retirement Benefits Act and the Constitution of Kenya, th"
ke/judgment/kehc/2023/21431,9,112634,104587,149730,"ith regards to the illegality aspect, they contend that the 1 st Respondent decided the matter in accordance with the Retirement Benefits Act and the Constitution of Kenya, thus ruling out the aspect of illegality. 182. Section 49 (3) of The Retirement Benefits Act provides that in its determination of any matter, the Tribunal may take into consideration any evidence which it considers relevant to the subject of an appeal before it, not"
ke/judgment/kehc/2023/21431,10,112997,104587,149730,"idence which it considers relevant to the subject of an appeal before it, notwithstanding that the evidence would not otherwise be admissible under the law relating to admissibility of evidence. 183. From the wording of Section 49 (3), it is my finding that the rules of admission of evidence before the Tribunal are more flexible than those under the Evidence Act as invoked in the regular court. In the circumstances, it is this court’s f"
ke/judgment/kehc/2023/21431,11,115728,104587,149730,"nt Date as provided by Rule 10 thereof: a. Retiring on or after attaining the age of 50 years (Early Retirement) with the agreement of the Employer; b. Retirement at the Normal Retirement Age which was defined as 55 years. 188. With respect to the members who resigned or left employment before the Normal Retirement Age but having completed five (5) years of service or retired before attaining the age of 50 under specified circumstances,"
ke/judgment/kehc/2023/21431,12,117205,104587,149730,"of the Trust Deed and the Rules made thereunder which required the Deferred Pensions to be computed on the basis prescribed, but only take effect from the Normal Pension Date which is defined in the Trust Deed as 55 years. 192. Further, the Tribunal erroneously and unlawfully found that computation of the Appellants' benefits by application of a discounting factor at age 55 was contrary to the Trust Deed. In arriving at that finding, th"
ke/judgment/kehc/2023/21431,13,117689,104587,149730,"arding the only provision providing for the same under Rule 15 of the Trust Deed which prescribed for the manner of computing the entitlement for lump sum payment for members who leave before attaining the age of 50 years. 193. In this regard, Rule 15(b) of the Rules provide as follows: “If a member leaves service before attaining the age of 50 years but having five or more years’ pensionable service, he may elect to receive a cash sum "
ke/judgment/kehc/2023/21431,14,118423,104587,149730,"nal purported to invoke the provisions of Rule 10 dealing with computation of pension benefits and Rule 16 dealing with the right of the Trustees to amend the Rules, which were in the event irrelevant in the circumstances. 195. The Tribunal further proceeded to exercise a discretion that it did not have, by prescribing that a factor for 55 years should not be used when computing the amount due to the pensioners when the same was express"
ke/judgment/kehc/2023/21431,15,123261,104587,149730,"nt) f) In our view, any computations of the Appellant's benefits by application of a discounting factor at age 55 is contrary to: 1. Regulation 16 (1) in so far as it reduces accrued rights and interests of the Appellants. 2. Fiduciary obligation requiring a trustee to act in the best interest of a beneficiary and pay the right amount of benefits to the beneficiary."" (See page 24 of the Judgement) g) We find that the correct way of comp"
ke/judgment/kehc/2023/21431,16,128280,104587,149730,"ard and cross examined during the hearing. Further, that the Tribunal identified one issue for determination and that is what the proper method was to be used in calculating the benefits due to the 2 nd Interested Parties. 205. It is averred by the deponent that the first point of departure by the actuaries was whether the 2 nd Interested Parties could access their pensions at an age less than 55 years without a discounting factor being"
ke/judgment/kehc/2023/21431,17,131045,104587,149730,the impugned Judgment keenly and the testimonies of PW-1 and 2 running from Page 21 to 30 of the proceedings and is clear to me that the dispute was around the formula to be adopted to compute the pensioners’ entitlements. 212. The rival arguments and reasoning of the parties herein are around the question of whether or not the statutory tribunal erred in applying the wrong provisions of the law in arriving at the judgment. 213. This is
ke/judgment/kehc/2023/21431,18,132865,104587,149730,"omprise more than 10,000 pensioners, deferred pensioners and other members with outstanding benefits in the Scheme. 217. It is the Applicants case that if the Scheme were to be compelled to settle the decretal sum of Kshs. 13.928 billion together with interest as directed by the Tribunal, it would have a very significant impact on the existence of the Scheme with a very imminent possibility of the Scheme being put under insolvency. This"
ke/judgment/kehc/2023/21431,19,133172,104587,149730,"ery significant impact on the existence of the Scheme with a very imminent possibility of the Scheme being put under insolvency. This would deprive over 10,000 current beneficiaries of the Scheme of their pension benefits. 218. Based on the foregoing, the Scheme urges this Honourable Court to set aside the Judgment on the basis of the principle of proportionality and on grounds that it is irrational in view of the adverse impact that it"
ke/judgment/kehc/2023/21431,20,133868,104587,149730,"arte Applicants, and other Pensioners under the Scheme as a rough computation of the amount likely to be computed, as directed by the Judgment and Orders of the Tribunal are in excess of Kenya Shillings Seven Billion (Kes.7 Billion); which order if implemented is likely to render the Ex-Parte Applicant unviable. 220. The Appellants are apprehensive that they will be subjected to unnecessary process of computation without jurisdiction, a"
ke/judgment/kehc/2023/21431,21,134891,104587,149730,"dated 30 th September, 2020 (ascertaining the financial position of the Scheme, and more precisely ascertaining the assets and liabilities of the Scheme; and the effect of the additional liability earlier estimated at Kes. 7.2 billion‑‑arising out of the Judgment of the Tribunal dated 13 th February 2017) which was submitted to the Ex-parte Applicant, the Actuarial Report indicated that the additional liability arising out of the Judgme"
ke/judgment/kehc/2023/21431,22,135145,104587,149730," Judgment of the Tribunal dated 13 th February 2017) which was submitted to the Ex-parte Applicant, the Actuarial Report indicated that the additional liability arising out of the Judgment of the Tribunal increased to Kes. 11.511 billion to reflect the period since 13 th February, 2017 to 30 th June, 2020: and the more detailed and up to date information in relation to the Scheme membership and exits from membership that were obtained f"
ke/judgment/kehc/2023/21431,23,135572,104587,149730,"re obtained from the Scheme. 223. It is the Ex parte Applicant’s case that the additional liability is extremely material in the context of this Scheme, and would result in a massive actuarial deficit in the Scheme of Kes. 9.66bn; and that the additional liability is in fact higher than the total liabilities of the Scheme as at 30 th June, 2020. That, as at 3 rd October, 2022 the actuarial report estimated the additional liability arisi"
ke/judgment/kehc/2023/21431,24,135830,104587,149730,"bility is in fact higher than the total liabilities of the Scheme as at 30 th June, 2020. That, as at 3 rd October, 2022 the actuarial report estimated the additional liability arising from the Tribunal's Judgement at Kes. 13.928bn, which would have a further adverse impact on the financial position of the Scheme. Therefore, that the payment of this additional liability would significantly prejudice the financial security of all the mem"
ke/judgment/kehc/2023/21431,25,136367,104587,149730,"nsioners, deferred pensioners, and other members with outstanding benefits in the Scheme). 224. The Ex parte contended that in the event the Scheme were to be compelled to settle the additional liability (estimated at Kes. 13.928 billion) as directed by the Tribunal, it would have a very significant impact on the existence of the Scheme, with a very imminent possibility of the Scheme being put under insolvency. 225. I am in agreement wi"
ke/judgment/kehc/2023/21431,26,137025,104587,149730, 85. There is also the other contention that the Petitioner’s right to property is infringed by the execution of the 1 st Respondent’s judgment as that will render the Scheme insolvent and deprive Pensioners’ monthly dues. 86. The 3 rd Respondent deponed that the Petitioner’s said contention is pre-emptive and is not supported by any evidence. 87. Prayer (b) in the Petition seeks a declaration that the Petitioner or any other person der
ke/judgment/kehc/2023/21431,27,138066,104587,149730,"s unsupported by any evidence. However, even if the Petitioner’s position on the insolvency is correct, still there is no evidence that the enforcement of the judgment is unconstitutional to the extent that it infringes Article 40 of the Constitution .” 226. On its part, the 2 nd interested party submitted that in their Ex-Parte Application, the Applicants allege that the computations owed to the 2 nd Interested Party amount to Kshs 7 b"
ke/judgment/kehc/2023/21431,28,138736,104587,149730," Applicants are not concerned with the decision-making process but rather with the merits of the decision itself. This court is in agreement with this position. 227. In order to determine this question, I have looked at Section 40 of the Retirement Benefits Authority Act sets out obligation of trustees and managers of a Scheme as follows: -The trustee, manager, custodian or administrator of a scheme shall— (a) ensure that the scheme fun"
ke/judgment/kehc/2023/21431,29,139625,104587,149730,"e rights of the members or sponsors of the scheme; and (d) report to the Chief Executive Officer, as soon as reasonably practicable, if any contributions into a scheme fund remain due for a period of more than thirty days. 228. This leaves me with no doubt that the Applicant has access to the above critical information which it can use in the event of insolvency or execution proceedings. Such evidence is also useful in instances where a"
ke/judgment/kehc/2023/21431,30,139979,104587,149730,"insolvency or execution proceedings. Such evidence is also useful in instances where a judgment debtor is making an application to be allowed to settle a judgment through instalments and not in judicial review proceedings. 229. The theory of proportionality is applicable in cases where rights are violated by administrative action. In applying the proportionality test, the court has to scrutinize the impugned administrative conduct speci"
ke/judgment/kehc/2023/21431,31,140249,104587,149730,"e in cases where rights are violated by administrative action. In applying the proportionality test, the court has to scrutinize the impugned administrative conduct specifically and the accuracy of the authority’s choices. 230. It is this court’s finding and I so hold, that as the court applies its mind to the doctrine of proportionality it must also weigh the negative impact the application will have on the decree holder and in this ca"
ke/judgment/kehc/2023/21431,32,140485,104587,149730,"is court’s finding and I so hold, that as the court applies its mind to the doctrine of proportionality it must also weigh the negative impact the application will have on the decree holder and in this case the pensioners. 231. I have looked at paragraph 7B and C of the 2 nd Interested Parties Supplementary Affidavit dated 28.11.2022 the deponent deponed that: “ Information on derivation of the additional liability - Request for additio"
ke/judgment/kehc/2023/21431,33,141957,104587,149730," could have a material impact on the additional liability estimated due to the Ruling? Please may I check whether the Scheme's actuary has reviewed the financial and demographic assumptions (that have been summarized in Section 6 of the Report) as a result of the Ruling, or whether they are of the view that those assumptions continue to remain valid and applicable? Scheme insolvency - Request for additional information on the Scheme act"
ke/judgment/kehc/2023/21431,34,145021,104587,149730,les of justice. 233. An in-depth evaluation of the evidence that the Applicant and the Pensioners have tendered must be carried out before the court can decide and or ascertain what would amount to the correct proportions. 234. This court is not in a position to assess whether the Tribunals judgment was excessively restrictive or that it inflicted an unnecessary burden on the Applicant. The fragile Pensioners did not get an opportunity 
ke/judgment/kehc/2023/21431,35,146131,104587,149730," Interested Party, the Ex parte Applicant has so far failed to adhere to the Judgment and are deliberately delaying the conclusion of this matter since it is yet to comply with the orders as issued by the Tribunal. That Article 57 of the Constitution protects the 2nd Interested Party’s rights as older members of society with respect to pursue their personal development and to live in dignity and respect; instead the members are aged pen"
ke/judgment/kehc/2023/21431,36,148142,104587,149730,ccrued pension rights is not one of the measurers allowed for as a remedial measure by the Retirement Benefits Authority. 239. The principle of proportionality must fit into the dictates and the Constitutional scheme of Article 47 which guarantees the Applicant and the pensioners to the right to fair administrative action. 240. It is the 2 nd Interested Parties case that pension benefits are one of the social protections accorded to the
ke/judgment/kehc/2023/21431,37,148395,104587,149730,"pplicant and the pensioners to the right to fair administrative action. 240. It is the 2 nd Interested Parties case that pension benefits are one of the social protections accorded to the older members of the society by Article 43 and 57 of the Constitution , and thus it would be unfair, unjust, and unlawful to deny the retirees their accrued pension benefits-as a result of the Trustees own convenience, as propagated in the Report by th"
ke/judgment/kehc/2023/21431,38,149195,104587,149730,"do not provide for reduction of benefits by use of discounting factors and that the same would be contrary to Regulation 16 (1) of the Retirement Benefits Authority Regulations which prohibits reductions of accrued rights. 242. It is this courts firm belief and I so hold, that the effect of the application of application of the proportionality test as sought by the Applicant will erode the pensioner’s entitlements and rights that flow f"
ke/judgment/kehc/2023/21431,39,149521,104587,149730,"the proportionality test as sought by the Applicant will erode the pensioner’s entitlements and rights that flow from the judgment. It is my view and I so hold, that the proportionality test must be bow and subjected to Article 24 of the Constitution which provides for a very progressive threshold when it comes to the limitation of rights. The burden lies on the Applicants to satisfy the court that it has made out a case that falls with"
ke/judgment/kehc/2019/4160,0,5969,5969,11833,"nd copies of the documentary evidence the respondent was to rely on. I understand the appellant to be arguing that there was no pretrial disclosure by the respondent before the hearing commenced. 8. The Constitution, at Article 50(1), provides for fair hearing with regard to any dispute that has to be resolved in accordance with the law. It states as follows: “50. (1) Every person has the right to have any dispute that can be resolved b"
ke/judgment/kehc/2019/4160,1,6359,5969,11833,"e right to have any dispute that can be resolved by the application of law decided in a fair and public hearing before a court or, if appropriate, another independent and impartial tribunal or body.” 9. The remainder of Article 50 of the Constitution, especially Sub-Article (2), is devoted to what are generally referred to as fair trial principles. The constitutional provisions on fair trial appear to be limited to criminal trials, but "
ke/judgment/kehc/2019/4160,2,7067,5969,11833," through the pleadings, the documents proposed to be relied upon, the witnesses proposed to be presented, among others. In civil trials the spirit of pretrial disclosure is captured in Order 7 of the Civil Procedure Rules. 10. The court, in Pinnacle Projects Limited vs. Presbyterian Church of East Africa, Ngong Parish & another [2018] eKLR, had the following to say on Article 50 with respect to fair trial principles in civil cases: “Whi"
ke/judgment/kehc/2019/4160,3,7218,5969,11833,"retrial disclosure is captured in Order 7 of the Civil Procedure Rules. 10. The court, in Pinnacle Projects Limited vs. Presbyterian Church of East Africa, Ngong Parish & another [2018] eKLR, had the following to say on Article 50 with respect to fair trial principles in civil cases: “While the wording of Article 50 of the Constitution on the right to a fair hearing prima facie seems to focus on criminal trials it’s not lost that fair t"
ke/judgment/kehc/2019/4160,4,7305,5969,11833,"in Pinnacle Projects Limited vs. Presbyterian Church of East Africa, Ngong Parish & another [2018] eKLR, had the following to say on Article 50 with respect to fair trial principles in civil cases: “While the wording of Article 50 of the Constitution on the right to a fair hearing prima facie seems to focus on criminal trials it’s not lost that fair trial in civil cases includes: the right of access to a court, the right to be heard by "
ke/judgment/kehc/2019/4160,5,11628,5969,11833," heart of the fair trial principle. Failure to afford a party that opportunity to cross-examine the witnesses availed by the other side on their testimonies strikes a fatal blow to the validity and integrity of the process. 16. From the above it is quite clear that the entire proceedings were deficient. Firstly, because the court papers were not properly received at the court registry and properly processed. It is critical that court pa"
ke/judgment/kehc/2022/16302,0,551,551,10438," an appeal from the original conviction and sentence of Hon. G. N. Wakahiu (C.M.) in Narok SOA Case No. 51 of 2018 on 4/5/2020) Judgment [1] Before me is an undated memorandum of appeal filed on May 14, 2020 pursuant to sections 17, 350,357, 362, and 364 of the Criminal Procedure Code . [2] The said memorandum of appeal raised 6 grounds. [3] The appellant, however, filed amended grounds of appeal pursuant to section 350(2) 9v) of the CP"
ke/judgment/kehc/2022/16302,1,743,551,10438,"on May 14, 2020 pursuant to sections 17, 350,357, 362, and 364 of the Criminal Procedure Code . [2] The said memorandum of appeal raised 6 grounds. [3] The appellant, however, filed amended grounds of appeal pursuant to section 350(2) 9v) of the CPC on January 12, 2022. The amended grounds of appeal are as follows; - That i. The learned trial magistrate erred in law in convicting and sentencing him to serve 10 years yet failed to take i"
ke/judgment/kehc/2022/16302,2,1231,551,10438,sed by him the appellant which was manifestly harsh and excessive in the circumstance and occasioned a failure of justice. ii. The learned trial magistrate erred in law in convicting and sentencing him minus considering section 333(2) of the criminal procedure code . [4] The appellant was charged with the offence of defilement contrary to section 8(1) as read with section 8(3) of the Sexual Offences Act No 3 of 2006. He was convicted of
ke/judgment/kehc/2022/16302,3,1352,551,10438,". ii. The learned trial magistrate erred in law in convicting and sentencing him minus considering section 333(2) of the criminal procedure code . [4] The appellant was charged with the offence of defilement contrary to section 8(1) as read with section 8(3) of the Sexual Offences Act No 3 of 2006. He was convicted of the offence and sentenced to serve 10 years’ imprisonment by Hon GN Wakahiu (CM) on May 4, 2020. Appellant’s submission "
ke/judgment/kehc/2022/16302,4,1378,551,10438,"gistrate erred in law in convicting and sentencing him minus considering section 333(2) of the criminal procedure code . [4] The appellant was charged with the offence of defilement contrary to section 8(1) as read with section 8(3) of the Sexual Offences Act No 3 of 2006. He was convicted of the offence and sentenced to serve 10 years’ imprisonment by Hon GN Wakahiu (CM) on May 4, 2020. Appellant’s submission [5] The appellant orally s"
ke/judgment/kehc/2022/16302,5,1674,551,10438,"e offence and sentenced to serve 10 years’ imprisonment by Hon GN Wakahiu (CM) on May 4, 2020. Appellant’s submission [5] The appellant orally submitted that he has abandoned all other grounds of appeal except one under section 333(2) of the CPC . [6] In his mitigation, the appellant argued that he pleaded not guilty, leased a shamba at Rotian, was just a casual labourer, was never given an opportunity for a noncustodial sentence, is a "
ke/judgment/kehc/2022/16302,6,2155,551,10438,"fender, and was not being paid by his employer. [7] The appellant submitted that the sentence was harsh and undesirable since the period spent in custody was not computed into his eventual sentence as provided for under section 333(2) of the CPC . That he was brought before the trial magistrate on June 12, 2018 and was convicted on May 4, 2020. [8] The appellant submitted that the trial court failed to take into consideration the judici"
ke/judgment/kehc/2022/16302,7,2648,551,10438,ppellant submitted that his mitigation of appeal be allowed and the sentence quashed. [10] The appellant has relied on the following authorities; i. Joseph Kaberia Kahinga & 11 other s v Attorney General [2016] eKLR ii. Section 333(2) of the Criminal Procedure Code . iii. Section 63 of the Penal Code . iv. Article 50(2) (p) of the Constitution of Kenya . v. Francis Opondo v Rep [2017] eKLR. vi. Daniel Gichimu & anothe r v Rep [2018] eKL
ke/judgment/kehc/2022/16302,8,2701,551,10438,llowed and the sentence quashed. [10] The appellant has relied on the following authorities; i. Joseph Kaberia Kahinga & 11 other s v Attorney General [2016] eKLR ii. Section 333(2) of the Criminal Procedure Code . iii. Section 63 of the Penal Code . iv. Article 50(2) (p) of the Constitution of Kenya . v. Francis Opondo v Rep [2017] eKLR. vi. Daniel Gichimu & anothe r v Rep [2018] eKLR vii. Ahamad Abolfathi Mohammed & another v Republic
ke/judgment/kehc/2022/16302,9,2736,551,10438,0] The appellant has relied on the following authorities; i. Joseph Kaberia Kahinga & 11 other s v Attorney General [2016] eKLR ii. Section 333(2) of the Criminal Procedure Code . iii. Section 63 of the Penal Code . iv. Article 50(2) (p) of the Constitution of Kenya . v. Francis Opondo v Rep [2017] eKLR. vi. Daniel Gichimu & anothe r v Rep [2018] eKLR vii. Ahamad Abolfathi Mohammed & another v Republic [2018] eKLR. Prosecution’s submiss
ke/judgment/kehc/2022/16302,10,3037,551,10438,KLR. vi. Daniel Gichimu & anothe r v Rep [2018] eKLR vii. Ahamad Abolfathi Mohammed & another v Republic [2018] eKLR. Prosecution’s submission [11] Ms Torosi orally submitted that her written submissions do not speak to section 333(2) of the CPC . She however urged this court to consider the record and the fact that the trial court considered all factors which made the appellant be sentenced to 10 years. She added that the sentence is p
ke/judgment/kehc/2022/16302,11,5153,551,10438,nsidered in the sentence imposed upon to the appellant hence making it excessive and harsh. [20] The appellant herein claims that time spent in custody was not considered in the sentence imposed upon him in violation of section 333(2) of the Criminal Procedure Code . [21] According to section 333(2) of the Criminal Procedure : - “ Subject to the provisions of section 38 of the Penal Code (Cap 63) Every sentence shall be deemed to commen
ke/judgment/kehc/2022/16302,12,5219,551,10438,"g it excessive and harsh. [20] The appellant herein claims that time spent in custody was not considered in the sentence imposed upon him in violation of section 333(2) of the Criminal Procedure Code . [21] According to section 333(2) of the Criminal Procedure : - “ Subject to the provisions of section 38 of the Penal Code (Cap 63) Every sentence shall be deemed to commence from and to include the whole of the day of, the date on which "
ke/judgment/kehc/2022/16302,13,5295,551,10438,"n custody was not considered in the sentence imposed upon him in violation of section 333(2) of the Criminal Procedure Code . [21] According to section 333(2) of the Criminal Procedure : - “ Subject to the provisions of section 38 of the Penal Code (Cap 63) Every sentence shall be deemed to commence from and to include the whole of the day of, the date on which it was pronounced, except where otherwise provided in this code. Provided th"
ke/judgment/kehc/2022/16302,14,5696,551,10438,"wise provided in this code. Provided that where the person sentenced under subsection (1) has, prior to such sentence, been held in custody, the sentence shall take account of the period spent in custody.” [22] See also section 137I (2) (a) of the CPC that: - (2) In passing a sentence, the court shall take into account— (a) The period during which the accused person has been in custody; [23] Court’s duty under, and the object of section"
ke/judgment/kehc/2022/16302,15,5909,551,10438,"e also section 137I (2) (a) of the CPC that: - (2) In passing a sentence, the court shall take into account— (a) The period during which the accused person has been in custody; [23] Court’s duty under, and the object of section 333(2) of the CPC has been explained in the Judiciary Sentencing Policy Guidelines (under clauses 7.10 and 7.11) as follows: “ The provision to section 333 (2) of the Criminal Procedure Code obligates the court t"
ke/judgment/kehc/2022/16302,16,6061,551,10438,"son has been in custody; [23] Court’s duty under, and the object of section 333(2) of the CPC has been explained in the Judiciary Sentencing Policy Guidelines (under clauses 7.10 and 7.11) as follows: “ The provision to section 333 (2) of the Criminal Procedure Code obligates the court to take into account the time already served in custody if the convicted person had been in custody during the trial. Failure to do so impacts on the ove"
ke/judgment/kehc/2022/16302,17,6654,551,10438,"isonment that should be served by an offender, the court must take into account the period in which the offender was held in custody during the trial.” [24] Judicial pronouncements have also buttressed the importance of section 333(2) of the CPC in sentencing. See the Court of Appeal in Ahamad Abolfathi Mohammed & a nother vs. Republic [2018] eKLR that, courts must give real effect to the section in sentencing; and that merely stating t"
ke/judgment/kehc/2022/16302,18,7115,551,10438,"count of time spent in custody is not sufficient if the sentence does not show that the period spent in custody prior to sentencing had been taken into account. [25] Accordingly, failure to give effect to the proviso to section 333(2) of the CPC opens the accused to a real risk of serving a more severe sentence than lawfully prescribed or proportional to the offence. Thus, a convicted person who so surfers may therefore, found an action"
ke/judgment/kehc/2022/16302,19,7469,551,10438,"to the offence. Thus, a convicted person who so surfers may therefore, found an action ‘’for redress of a denial, violation, or infringement of, or threat to, a right or fundamental freedom in the bill of rights’’ under article 23(1) and 165(3)(b) of the Constitution. Applying the test [26] From the trial court typed proceedings, judgment, and sentence, the following relevant dates are discernible; the accused was arraigned in court on "
ke/judgment/kehc/2022/16302,20,7850,551,10438,"tes are discernible; the accused was arraigned in court on June 12, 2018 and was sentenced on May 4, 2020 to serve 10 years’ imprisonment. [27] The appellant herein was convicted of the offence of defilement contrary to section 8(1) as read with section 8(3) of the SOA . [28] The trial court (Hon GN Wakahiu (CM) in sentencing the appellant stated as follows: - “ It is clear for this quote that the’ Muruatetu’ case has been extended to S"
ke/judgment/kehc/2022/16302,21,7876,551,10438,"ccused was arraigned in court on June 12, 2018 and was sentenced on May 4, 2020 to serve 10 years’ imprisonment. [27] The appellant herein was convicted of the offence of defilement contrary to section 8(1) as read with section 8(3) of the SOA . [28] The trial court (Hon GN Wakahiu (CM) in sentencing the appellant stated as follows: - “ It is clear for this quote that the’ Muruatetu’ case has been extended to SOA cases and that when in "
ke/judgment/kehc/2022/16302,22,8203,551,10438,"ollows: - “ It is clear for this quote that the’ Muruatetu’ case has been extended to SOA cases and that when in SOA cases, the court’s discretion cannot be fettered and each case has to be determined on its own merits. Section 8 of the sexual offences act provides as follows; 8(1) a person who commits an act which causes penetration with a child is guilty of an offence termed as defilement. (2) a person who commits an offence of defile"
ke/judgment/kehc/2022/16302,23,8968,551,10438,"ffence of defilement with a child between the age of sixteen and eighteen years is liable upon conviction to imprisonment for a term of not less than fifteen years. In this case, the victim was aged 14 years. By dint of section 8(3) of the SOA , punishment where the child the age of between twelve and fifteen years is imprisonment for a term of not less than twenty years. I had requested for a report by the probation department as well "
ke/judgment/kehc/2022/16302,24,10229,551,10438,"us, a sentence of 10 years may be too lenient. Therefore, a holistic consideration of this matter is that given the nature of the offence and the pronouncements by the trial court, the appellant has had the advantage of section 333(2) of the CPC . I do not, therefore, find any violation of his right. 30. The appeal herein lacks merit and is hereby dismissed. 31. It is so ordered. DATED, SIGNED, AND DELIVERED AT NAROK THROUGH MICROSOFT T"
ke/judgment/kehc/2022/2093,0,1059,1059,46769,"5) accused persons namely, (1) Bernard Otieno Sinogo, (2) Silas Orwa Awidhi, (3) Rachel Velly Odhiambo, (4) Kefa Otieno and (5) Kelvin Otieno Awidhi (at large) were jointly charged with the offence of murder contrary to Section 203 as read with Section 204 of the Penal Code (See charge sheet of 17/5/2018) The particulars of the charge are that on 15/12/2016 at Winyo Area Kanyigoro Village Kon’gudi Sub Location East Kamagambo Location in"
ke/judgment/kehc/2022/2093,1,1084,1059,46769,", (1) Bernard Otieno Sinogo, (2) Silas Orwa Awidhi, (3) Rachel Velly Odhiambo, (4) Kefa Otieno and (5) Kelvin Otieno Awidhi (at large) were jointly charged with the offence of murder contrary to Section 203 as read with Section 204 of the Penal Code (See charge sheet of 17/5/2018) The particulars of the charge are that on 15/12/2016 at Winyo Area Kanyigoro Village Kon’gudi Sub Location East Kamagambo Location in Rongo Sub County, they u"
ke/judgment/kehc/2022/2093,2,16147,1059,46769,"he charge and stated that he herds his father’s cattle but a friend called and asked him to go to Homa Bay and help plant. He went and after a week, he was arrested, taken to the police station where he was asked for Kshs. 40,000/= which he did not have. His brother who was with him, paid and was released. The 4 th Accused, Kefa Otieno who represented himself denied the charge. He said that on the date of the incident, he was at work at"
ke/judgment/kehc/2022/2093,3,22120,1059,46769,"ve because it indicates that the offence was committed on “15 th ‘day’ of December 2016” yet the evidence adduced is to the effect that it occurred at night. In response Mr. Kimanthi argued that the charge complied with Section 134 of the Criminal Procedure Code. Section 134 of the Criminal Procedure Code provides as follows:- “ Every charge or information shall contain, and shall be sufficient if it contains, a statement of the specifi"
ke/judgment/kehc/2022/2093,4,22164,1059,46769," committed on “15 th ‘day’ of December 2016” yet the evidence adduced is to the effect that it occurred at night. In response Mr. Kimanthi argued that the charge complied with Section 134 of the Criminal Procedure Code. Section 134 of the Criminal Procedure Code provides as follows:- “ Every charge or information shall contain, and shall be sufficient if it contains, a statement of the specific offence or offences with which the accused"
ke/judgment/kehc/2022/2093,5,44516,1059,46769,"ot withstanding, I am satisfied that PW7’s evidence placed the Accused 5 at the scene. Whether there was common intention: The next question is whether the accused had common intention; Common intention is defined under Section 21 of the Penal Code as:- “When two or more persons form a common intention to prosecute an unlawful purpose in conjunction with one another, and in the prosecution of such purposes an offence is committed of suc"
ke/judgment/kehc/2022/2093,6,46560,1059,46769,eason with them and asked to talk to Ernest instead but they became violent. Theirs was a common intention intended to prosecute on unlawful act. Whether malice afterthought was proved. Malice afterthought is defined in Section 206 of the Penal Code as:- “Malice aforethought shall be deemed to be established by evidence proving any one or more of the following circumstances- a) an intention to cause the death of or to do grievous harm t
ke/judgment/kehc/2023/17569,0,1875,1875,10319,"lity and entered a consent judgment in favour of the plaintiff as against the defendant in the ratio of 80:20. The documents filed in respect of the claim were admitted by consent of the parties without calling the makers. 4. The matter was heard by the court on the issue of quantum. The plaintiff proposed the award as follows: i. For pain and suffering ……………………………………..Kshs 100,000 ii. Loss of Expectation of Life…………...................."
ke/judgment/kehc/2023/17569,1,2658,1875,10319,"pondent on its part made a proposal thereof as follows: i. For pain and suffering ………………………………………Kshs 10,000 ii. Loss of Expectation of life……………………………………Kshs 70,000 iii. Loss of Dependency (10,000 x 6 x 12 x 2/3) ………Kshs.480,000 iv. Special damages…………………………………………………Kshs 25,550 v. Sub-total……………………………………………………….Kshs 585,550 vi. Less 20% contribution vii. Total…………………………………………………………………..Kshs 468,440 viii. Costs and interest taxed to sca"
ke/judgment/kehc/2023/17569,2,3705,1875,10319,"l herein arises based on the grounds in the memorandum of appeal, filed April 8, 2021 which states as follows: a. Thatthe learned Magistrate erred in law and in fact in awarding damages to the Respondent amounting to Kshs. 943,100.00 with costs and interest thereon. b. That the quantum of damages is excessive and an erroneous estimate of the damages that may be awarded to the Respondent with due regard to the circumstances of the case b"
ke/judgment/kehc/2023/17569,3,6808,1875,10319,"t v Khan [1981] KLR 349. 14. The respondent argued that the trial Magistrate summarized the parties’ submissions in the judgment and correctly applied the principles of law in arriving at the award. That, in awarding Kshs. 30,000 under pain and suffering, the trial court relied on the case of West Kenya Sugar Co. Ltd v Philip Sumba Julaya (Suing as the administrator and personal representative of the Estate of James Julaya Sumba [2019] "
ke/judgment/kehc/2023/17569,4,10115,1875,10319," it suffices to note that good health is not the only factor to long life. Although we are all expected to have a healthy long life given the natural calamities in life, one can live below or beyond the seventy (70) years. 22. Therefore, the reason advanced by the trial court per se is not sufficient. Even then, the defendant offered a figure Kshs 70,000 for loss of expectation of life without justification. The plaintiff on the other p"
ke/judgment/kehc/2024/3170,0,16449,16449,36165,"ery. 55. Ziporrah Nangila v Eldoret Express Limited & 2 Others [2016] eKLR where the plaintiff sustained comminuted compound fracture of the distal and fibular, fracture of the left distal and fibular and was awarded Kshs. 2,400,000 as general damages, 56. The defendant on the other hand submitted on liability that the Plaintiffs have failed to prove their case on a balance of probability, and also failed to prove that the Defendants we"
ke/judgment/kehc/2024/3170,1,17703,16449,36165,"uantum the defendant submitted that if the court finds that the plaintiffs have proven their case against the defendant on a balance of probabilities; As regards the 1 st plaintiff the defendants proposed an award of Kshs. 400,000 and in support cited the case of Ibrahim Kalema Lewa vs. Esteel Company Limited [2016] eKLR in which an award of Kshs. 300,000/= was upheld on appeal in 2016 in a case where the Plaintiff sustained a fracture "
ke/judgment/kehc/2024/3170,2,17830,16449,36165,"lance of probabilities; As regards the 1 st plaintiff the defendants proposed an award of Kshs. 400,000 and in support cited the case of Ibrahim Kalema Lewa vs. Esteel Company Limited [2016] eKLR in which an award of Kshs. 300,000/= was upheld on appeal in 2016 in a case where the Plaintiff sustained a fracture of the left femur; was thereafter admitted for 2 months and healed with a 25% disability. 60. On damages for loss of housekeepi"
ke/judgment/kehc/2024/3170,3,18475,16449,36165,"s the defendant’s argument that the plaintiff failed to prove the same to the required standards and therefore should not be awarded. 61. The defendants further submitted that the 1st Plaintiff has pleaded the sum of Kshs.12,814,000/ = being lost income for the time she was not able to run her business due to the injuries she suffered. 62. Further that the Plaintiff produced a report by an Accountant indicating that the 1st Plaintiff di"
ke/judgment/kehc/2024/3170,4,19200,16449,36165," the 1st Plaintiff. 64. That the Accountant in his testimony further confirmed that the figures are not a true reflection of the accounts of the 1st Plaintiff as the figures may be different from the actual profit and loss. 65. The defendant submitted that the 1st Plaintiff also contradicted herself as she claims to have made losses in her business but at the same time she prayed for income for hiring a Manager at the Cost of Kshs.30,00"
ke/judgment/kehc/2024/3170,5,19413,16449,36165," and loss. 65. The defendant submitted that the 1st Plaintiff also contradicted herself as she claims to have made losses in her business but at the same time she prayed for income for hiring a Manager at the Cost of Kshs.30,000 to run her business while she was incapacitated. That this is a clear indication that the 1st Plaintiff’s business did not suffer any loss as the same was carried out by her employee. 66. Further, that the law i"
ke/judgment/kehc/2024/3170,6,20297,16449,36165,"e was no mention of sexual dysfunction. 68. That the same was not pleaded by the 1st Plaintiff in this matter and that they cannot claim for the same in their submissions which do not form part of the pleadings of parties. 69. The Defendant relied on the case of: Civil Appeal No, 52 of 2017 Daniel Otieno Migore vs South Nyanza Sugar Co. Ltd 70. It hence follows that any evidence adduced in a matter must be in consonance with the pleadin"
ke/judgment/kehc/2024/3170,7,22191,16449,36165,st Plaintiff nor 2nd stated that they were not able to perform sexual activities but rather it was uncomfortable to do so. It is therefore correct to state that there is no misfunctioning of the sexual life of the Parties. 73. The Plaintiffs relied on the case of John Maina Wmuyu VS J.V Strabag Bau-AG Lima Ltd in which the Plaintiff became impotent and therefore the court had to award the Plaintiff for loss of Consortium. This is case h
ke/judgment/kehc/2024/3170,8,22483,16449,36165,"bag Bau-AG Lima Ltd in which the Plaintiff became impotent and therefore the court had to award the Plaintiff for loss of Consortium. This is case however is different as the Plaintiffs can still perform their sexual acts. 74. On the 2 nd plaintiff the defendant proposed an award of general damages in the amount of Kshs. Kshs.200,000 and relied on Civil Appeal No. E009 of 2020 Francis Omari Ogaro vs JAO (minor suing Through next friend "
ke/judgment/kehc/2024/3170,9,22589,16449,36165,"iff for loss of Consortium. This is case however is different as the Plaintiffs can still perform their sexual acts. 74. On the 2 nd plaintiff the defendant proposed an award of general damages in the amount of Kshs. Kshs.200,000 and relied on Civil Appeal No. E009 of 2020 Francis Omari Ogaro vs JAO (minor suing Through next friend and father GOD) in which Justice E.N. Maina in 2021 set aside an award of Kshs. 230,000 and replaced it wi"
ke/judgment/kehc/2024/3170,10,22780,16449,36165,"es in the amount of Kshs. Kshs.200,000 and relied on Civil Appeal No. E009 of 2020 Francis Omari Ogaro vs JAO (minor suing Through next friend and father GOD) in which Justice E.N. Maina in 2021 set aside an award of Kshs. 230,000 and replaced it with Kshs. 180,000/= for a Respondent who had suffered; (i) Multiple cut wounds on the right lower limb. (ii) Bruises on the right lower limb. (iii) Bruises on both elbows. (iv) Bruises on the "
ke/judgment/kehc/2024/3170,11,22815,16449,36165,"000 and relied on Civil Appeal No. E009 of 2020 Francis Omari Ogaro vs JAO (minor suing Through next friend and father GOD) in which Justice E.N. Maina in 2021 set aside an award of Kshs. 230,000 and replaced it with Kshs. 180,000/= for a Respondent who had suffered; (i) Multiple cut wounds on the right lower limb. (ii) Bruises on the right lower limb. (iii) Bruises on both elbows. (iv) Bruises on the right iliac region. (v) Bruises on "
ke/judgment/kehc/2024/3170,12,23540,16449,36165, the evidence adduced in this case together with the reports filed herein and the submissions. It is the duty of the plaintiffs to prove their case and the standard of proof in civil cases is on a balance of probabilities. 76. The issues for determination in this case are as follows; i. Whether the plaintiffs have proved their case against the defendant to the required standard. ii. Whether the defendant is liable to pay the plaintiffs 
ke/judgment/kehc/2024/3170,13,25010,16449,36165,"e driver of the trailer was negligent because he drove across the Mombasa Highway in the face of oncoming traffic; Performed a dangerous maneuver along the highway without any due regard for the safety of other road users. 82. He also failed to keep any or any proper lookout and failed to have any due or any regard for other road users. 83. DW 1, the driver ofmotor vehicle registration no. KAE 307B with trailer ZA1984, said it was the m"
ke/judgment/kehc/2024/3170,14,25126,16449,36165,"erformed a dangerous maneuver along the highway without any due regard for the safety of other road users. 82. He also failed to keep any or any proper lookout and failed to have any due or any regard for other road users. 83. DW 1, the driver ofmotor vehicle registration no. KAE 307B with trailer ZA1984, said it was the matatu motor vehicle registration no. KAU 089Q that hit the trailer at the rear. However, I find that it was DW1, dri"
ke/judgment/kehc/2024/3170,15,25536,16449,36165,"r, I find that it was DW1, driver of the trailer that failed to keep a proper lookout when he drove across the Mombasa Highway. 84. I find that the plaintiffs have proved their case to the required standard in civil cases. 85. I hold the defendant’s driver 100% liable in negligence. The defendant is held vicariously liable as the registered owner ofmotor vehicle registration no. KAE 307B with trailer ZA1984. 86. On the issue as to wheth"
ke/judgment/kehc/2024/3170,16,26282,16449,36165,"re of the mid-shaft of the femur with displacement of the fractured fragments. (ii) Right femur - Fracture of the mid shaft of the femur with displacement of the fractured fragments. (iii) Generalized soft tissue injuries. 88. The 1st plaintiff said she was a businesswoman trading in her own name and under the business name of FINYARD ENTERPRISES, and she was rendered unable to effectively manage and run her various businesses and has l"
ke/judgment/kehc/2024/3170,17,26781,16449,36165,"sabilities arising from the accident, the 1 st plaintiff lost a sum of ksh.12,814,000/= or thereabouts being lost profits and income. She claims this sum from the defendant. 90. The 1st plaintiff also claims a sum of kshs.241,509/= from the defendant being cost of redeeming a loan arrangement from Kenya Women Finance Trust that fell into arrears due to inability to resume business as a result of the accident and service the said loan. 9"
ke/judgment/kehc/2024/3170,18,27215,16449,36165,"oan. 91. By reason of the aforesaid complications and disabilities the 1st plaintiff has since June 2012 had to employ a manager/marketer to support and assist her in the running of Finyard Enterprises at the cost of kshs.30,000/= per month. 92. The 1st plaintiff claims the sum of kshs.450,000/= to date from the defendant. The loss is a continuing and she incurred an additional sum of kshs.1,440,000/= in salaries to the said manager/mar"
ke/judgment/kehc/2024/3170,19,27280,16449,36165,"s the 1st plaintiff has since June 2012 had to employ a manager/marketer to support and assist her in the running of Finyard Enterprises at the cost of kshs.30,000/= per month. 92. The 1st plaintiff claims the sum of kshs.450,000/= to date from the defendant. The loss is a continuing and she incurred an additional sum of kshs.1,440,000/= in salaries to the said manager/marketer. 93. The defendants submitted that the 1st Plaintiff has pl"
ke/judgment/kehc/2024/3170,20,27386,16449,36165,"running of Finyard Enterprises at the cost of kshs.30,000/= per month. 92. The 1st plaintiff claims the sum of kshs.450,000/= to date from the defendant. The loss is a continuing and she incurred an additional sum of kshs.1,440,000/= in salaries to the said manager/marketer. 93. The defendants submitted that the 1st Plaintiff has pleaded the sum of Kshs.12,814,000/ = being lost income for the time she was not able to run her business du"
ke/judgment/kehc/2024/3170,21,27520,16449,36165,"from the defendant. The loss is a continuing and she incurred an additional sum of kshs.1,440,000/= in salaries to the said manager/marketer. 93. The defendants submitted that the 1st Plaintiff has pleaded the sum of Kshs.12,814,000/ = being lost income for the time she was not able to run her business due to the injuries she suffered. 94. Further that the 1st Plaintiff produced a report by an Accountant indicating that the 1st Plaintif"
ke/judgment/kehc/2024/3170,22,28249,16449,36165," the 1st Plaintiff. 96. That the Accountant in his testimony further confirmed that the figures are not a true reflection of the accounts of the 1st Plaintiff as the figures may be different from the actual profit and loss. 97. The defendant submitted that the 1st Plaintiff also contradicted herself as she claims to have made losses in her business but at the same time she prayed for income for hiring a Manager at the Cost of Kshs.30,00"
ke/judgment/kehc/2024/3170,23,28462,16449,36165," and loss. 97. The defendant submitted that the 1st Plaintiff also contradicted herself as she claims to have made losses in her business but at the same time she prayed for income for hiring a Manager at the Cost of Kshs.30,000 to run her business while she was incapacitated. 98. That this is a clear indication that the 1st Plaintiff’s business did not suffer any loss as the same was carried out by her employee. 99. Further, that the l"
ke/judgment/kehc/2024/3170,24,30511,16449,36165," was no mention of sexual dysfunction. 105. That the same was not pleaded by the 1st Plaintiff in this matter and that they cannot claim for the same in their submissions which do not form part of the pleadings of parties. 106. The Defendant relied on the case of: Civil Appeal No, 52 of 2017 Daniel Otieno Migore vs South Nyanza Sugar Co. Ltd 107. It hence follows that any evidence adduced in a matter must be in consonance with the plead"
ke/judgment/kehc/2024/3170,25,31608,16449,36165,cident has in anyway affected the sexual life of the 1st Plaintiff. That there is no tangible evidence that the sexual life of the 1st Plaintiff was affected or that she will never carry out her conjugal duties and rights. 110. That neither the 1st Plaintiff nor 2 nd plaintiff stated that they were not able to perform sexual activities but rather it was uncomfortable to do so. The defendant submitted that it is therefore correct to stat
ke/judgment/kehc/2024/3170,26,31894,16449,36165,hat they were not able to perform sexual activities but rather it was uncomfortable to do so. The defendant submitted that it is therefore correct to state that there is no misfunctioning of the sexual life of the Parties. 111. The Plaintiffs relied on the case of John Maina Wmuyu VS J.V Strabag Bau-AG Lima Ltd in which the Plaintiff became impotent and the court had to award the Plaintiff for loss of Consortium. This is case however is
ke/judgment/kehc/2024/3170,27,32177,16449,36165,"S J.V Strabag Bau-AG Lima Ltd in which the Plaintiff became impotent and the court had to award the Plaintiff for loss of Consortium. This is case however is different as the Plaintiffs can still perform their sexual acts. 112. The submissions in respect of the 2 nd plaintiff were similar to those of the 1 st plaintiff except that the injuries suffered were not similar. However, both claimed damages under the same headings including dam"
ke/judgment/kehc/2024/3170,28,32543,16449,36165,"milar. However, both claimed damages under the same headings including damages for Lost earnings and income, loss of consortium and sexual dysfunction and Lost and/or diminished future earning capacity and special damages. 113. On the heading of damages for pain and suffering, the 2 nd plaintiff stated that he suffered the following injuries; a. Head injury (celebral concussion) b. Shock and confusion c. Deep laceration over the left ey"
ke/judgment/kehc/2024/3170,29,34249,16449,36165,ersely affected and he claims loss of consortium from the defendant. 119. The 2 nd plaintiff was only admitted in hospital for one night and therefore there is no evidence that he was not able to carry on with his business. 120. I have also perused the amended plaint dated 9 th October 2017 and I find that the 1 st and 2 nd plaintiffs did not plead damages in respect of sexual dysfunctional and loss of consortium in the particulars of i
ke/judgment/kehc/2024/3170,30,34909,16449,36165,"r businesses, the plaintiffs called a witness, PW4, Nicolas Anduuru who works with Charles and co Certified Public Accountants(Kenya) who gave a report in respect of the financial performance of the plaintiffs’ businesses. 123. I find that the said evidence was not controverted by the defendant. 124. The cost of domestic house help and loan repayment were to be paid from the future earnings and therefore they are catered for from the sa"
ke/judgment/kehc/2024/3170,31,35467,16449,36165,"were produced in respect of the same. 126. This court already held that the 2 nd plaintiff is also not entitled to damages for loss of Business since there is no evidence that he was unable to carry on with his businesses. 127. I award damages as follows in respect of 1st plaintiff; i. General damages for pain and suffering Ksh.4,000,000 ii. Lost earnings from Businesses Kshs. 10,814,000.00 iii. Lost and/or Diminished Future iv. earning"
ke/judgment/kehc/2024/3170,32,35624,16449,36165,"s no evidence that he was unable to carry on with his businesses. 127. I award damages as follows in respect of 1st plaintiff; i. General damages for pain and suffering Ksh.4,000,000 ii. Lost earnings from Businesses Kshs. 10,814,000.00 iii. Lost and/or Diminished Future iv. earning capacity Kshs.2,640,000.00 v. Special damages Kshs.2,941,006.00 vi. Raised Shoes Kshs.724,000.00 Total Kshs.20,472,100 128. In respect of the 2 nd plaintiff"
ke/judgment/kehc/2024/3170,33,35700,16449,36165,"rd damages as follows in respect of 1st plaintiff; i. General damages for pain and suffering Ksh.4,000,000 ii. Lost earnings from Businesses Kshs. 10,814,000.00 iii. Lost and/or Diminished Future iv. earning capacity Kshs.2,640,000.00 v. Special damages Kshs.2,941,006.00 vi. Raised Shoes Kshs.724,000.00 Total Kshs.20,472,100 128. In respect of the 2 nd plaintiff; i. General damages for pain and suffering Kshs.900,000 ii. Future medical "
ke/judgment/kehc/2024/3170,34,35737,16449,36165,"st plaintiff; i. General damages for pain and suffering Ksh.4,000,000 ii. Lost earnings from Businesses Kshs. 10,814,000.00 iii. Lost and/or Diminished Future iv. earning capacity Kshs.2,640,000.00 v. Special damages Kshs.2,941,006.00 vi. Raised Shoes Kshs.724,000.00 Total Kshs.20,472,100 128. In respect of the 2 nd plaintiff; i. General damages for pain and suffering Kshs.900,000 ii. Future medical care Kshs.350,000 iii. Special damage"
ke/judgment/kehc/2024/3170,35,35772,16449,36165,"r pain and suffering Ksh.4,000,000 ii. Lost earnings from Businesses Kshs. 10,814,000.00 iii. Lost and/or Diminished Future iv. earning capacity Kshs.2,640,000.00 v. Special damages Kshs.2,941,006.00 vi. Raised Shoes Kshs.724,000.00 Total Kshs.20,472,100 128. In respect of the 2 nd plaintiff; i. General damages for pain and suffering Kshs.900,000 ii. Future medical care Kshs.350,000 iii. Special damages Kshs.314,177 Total Kshs.1,564,177"
ke/judgment/kehc/2024/3170,36,35794,16449,36165,"sh.4,000,000 ii. Lost earnings from Businesses Kshs. 10,814,000.00 iii. Lost and/or Diminished Future iv. earning capacity Kshs.2,640,000.00 v. Special damages Kshs.2,941,006.00 vi. Raised Shoes Kshs.724,000.00 Total Kshs.20,472,100 128. In respect of the 2 nd plaintiff; i. General damages for pain and suffering Kshs.900,000 ii. Future medical care Kshs.350,000 iii. Special damages Kshs.314,177 Total Kshs.1,564,177 129. The total award "
ke/judgment/kehc/2024/3170,37,35891,16449,36165,"ture iv. earning capacity Kshs.2,640,000.00 v. Special damages Kshs.2,941,006.00 vi. Raised Shoes Kshs.724,000.00 Total Kshs.20,472,100 128. In respect of the 2 nd plaintiff; i. General damages for pain and suffering Kshs.900,000 ii. Future medical care Kshs.350,000 iii. Special damages Kshs.314,177 Total Kshs.1,564,177 129. The total award in respect of the two plaintiffs is Kshs.22,036,277 130. Judgment be and is hereby entered in fav"
ke/judgment/kehc/2024/3170,38,35928,16449,36165,"000.00 v. Special damages Kshs.2,941,006.00 vi. Raised Shoes Kshs.724,000.00 Total Kshs.20,472,100 128. In respect of the 2 nd plaintiff; i. General damages for pain and suffering Kshs.900,000 ii. Future medical care Kshs.350,000 iii. Special damages Kshs.314,177 Total Kshs.1,564,177 129. The total award in respect of the two plaintiffs is Kshs.22,036,277 130. Judgment be and is hereby entered in favor of the 1 st and 2 nd plaintiffs ag"
ke/judgment/kehc/2024/3170,39,35962,16449,36165,"41,006.00 vi. Raised Shoes Kshs.724,000.00 Total Kshs.20,472,100 128. In respect of the 2 nd plaintiff; i. General damages for pain and suffering Kshs.900,000 ii. Future medical care Kshs.350,000 iii. Special damages Kshs.314,177 Total Kshs.1,564,177 129. The total award in respect of the two plaintiffs is Kshs.22,036,277 130. Judgment be and is hereby entered in favor of the 1 st and 2 nd plaintiffs against the Defendant in the sum of "
ke/judgment/kehc/2007/168,0,7104,7104,11444,"o indication of the kind of hardship the applicant was suffering or undergoing. There is no provision for extension of time for filing a judicial review application Order LIII rule 3(1) is derived from the provisions of Section 9 (1) of the Law Reform Act (Cap. 26) and does not confer upon the Court any discretion to extend time for example as provided under order XLIX, rule 5 of the Civil Procedure Rules for extension of time in civil "
ke/judgment/kehc/2007/168,1,11241,7104,11444,"plicant provided KEC with forged KRA receipts on the basis of which he sought reimbursement from KEC. (c) On the basis of forged receipts, and with respect to the impugned payments, KEC paid MUKHI an aggregate sum of Kshs.166,832,625/= (d) When KRA began to question the authenticity of the aforesaid receipts provided by the Applicant, the Applicant assured KEC that payment had been made- (i) by two letters dated 19 th December, 2002 and"
ke/judgment/kehc/2022/15115,0,723,723,9548,"t/a Beatrice Kariuki & Associates 2 nd Petitioner and KCB Bank Kenya Limited Respondent (The petitioners brought this liquidation petition against the Company on the basis of a judgment and decree in their favour for Kshs. 28,063,325.00 in Milimani HC COMM No. 436 of 2017; John Mugambi T/A Mugambi & Company Advocates and Beatrice Kariuki T/A Beatrice Kariuki & Company Advocates v Showcase Properties Limited) Ruling 1. This is a formal r"
ke/judgment/kehc/2022/15115,1,1744,723,9548,"ank”) from exercising its statutory power of sale in respect of a property, LR No 2/61 (REG VOL N88 FOLIO 31 FILE 1821) (“the property”) which belongs to the company but is charged to the Bank to secure certain facilities. 4. It is not in dispute that in HC COMM No 436 of 2017, the petitioners, as plaintiffs’ in that case, applied for and the court granted charging orders under section 52 of the Advocates Act (chapter 16 of the laws of "
ke/judgment/kehc/2022/15115,2,1905,723,9548,"pany but is charged to the Bank to secure certain facilities. 4. It is not in dispute that in HC COMM No 436 of 2017, the petitioners, as plaintiffs’ in that case, applied for and the court granted charging orders under section 52 of the Advocates Act (chapter 16 of the laws of Kenya) in respect of the surplus proceeds in the event the property is sold by the bank. It is this interest in the surplus that the petitioners now seek to prot"
ke/judgment/kehc/2022/15115,3,2529,723,9548,"ike out the application because it was not an insolvency matter and that in any case, the matter concerned a secured property which is outside the purview of insolvency proceedings. I heard oral arguments from the parties. 6. Counsel for the petitioners, Mr Mbobu, called in aid the provisions of section 3(1) of the Insolvency Act , 2015 which sets out the policy framework under which the High Court exercises its jurisdiction to supervis"
ke/judgment/kehc/2022/15115,4,2606,723,9548,"ny case, the matter concerned a secured property which is outside the purview of insolvency proceedings. I heard oral arguments from the parties. 6. Counsel for the petitioners, Mr Mbobu, called in aid the provisions of section 3(1) of the Insolvency Act , 2015 which sets out the policy framework under which the High Court exercises its jurisdiction to supervise insolvency proceedings to ensure an orderly, efficient and effective realiz"
ke/judgment/kehc/2022/15115,5,3123,723,9548,"unsel submits that the Insolvency Act provides for equitable treatment of all creditors and in this instance the court must address the problem of undervaluation of the property arising in the context of financial distress. 7. Because of the charging order, the petitioners state they are creditors and are seeking to ensure that the bank, as a secured creditor, exercises its statutory power of sale in accordance with the law and without "
ke/judgment/kehc/2022/15115,6,4227,723,9548,"o support this proposition. 8. The petitioners point out that the court has power to intervene and call upon the secured creditor to act in good faith in accordance with the provisions of the Land Act , 2012. That under section 423 of the Insolvency Act the court has power to supervise the liquidation of companies and that under section 427(2) of the Insolvency Act it is not restrained from making a liquidation order on the ground that "
ke/judgment/kehc/2022/15115,7,4338,723,9548,"e secured creditor to act in good faith in accordance with the provisions of the Land Act , 2012. That under section 423 of the Insolvency Act the court has power to supervise the liquidation of companies and that under section 427(2) of the Insolvency Act it is not restrained from making a liquidation order on the ground that the Company’s assets have been mortgaged. 9. The company supports the application to the extent that it seeks t"
ke/judgment/kehc/2022/15115,8,9344,723,9548,"t even the Company seeking relief but a third party. This is not to say that petitioners do not have any recourse against the Bank for their grievances, it is that they cannot agitate their claim in insolvency proceedings. 14. Although the court has extensive powers under the Insolvency Act , these powers are incidental to the insolvency proceedings. They do not extend to the circumstances herein in view of the secured property. The cou"
